Data Source,World Development Indicators,,,,,,,,,,,,,,,,,,,,,,,,,,,,,,,,,,,,,,,,,,,,,,,,,,,,,,,,,,,,,,,
,,,,,,,,,,,,,,,,,,,,,,,,,,,,,,,,,,,,,,,,,,,,,,,,,,,,,,,,,,,,,,,,
Last Updated Date,2/17/2021,,,,,,,,,,,,,,,,,,,,,,,,,,,,,,,,,,,,,,,,,,,,,,,,,,,,,,,,,,,,,,,
,,,,,,,,,,,,,,,,,,,,,,,,,,,,,,,,,,,,,,,,,,,,,,,,,,,,,,,,,,,,,,,,
Country Name,Country Code,Indicator Name,Indicator Code,1960,1961,1962,1963,1964,1965,1966,1967,1968,1969,1970,1971,1972,1973,1974,1975,1976,1977,1978,1979,1980,1981,1982,1983,1984,1985,1986,1987,1988,1989,1990,1991,1992,1993,1994,1995,1996,1997,1998,1999,2000,2001,2002,2003,2004,2005,2006,2007,2008,2009,2010,2011,2012,2013,2014,2015,2016,2017,2018,2019,2020
Aruba,ABW,"PPP conversion factor, GDP (LCU per international $)",PA.NUS.PPP,,,,,,,,,,,,,,,,,,,,,,,,,,,,,,,0.945131435,0.96552182,0.979810965,1.0078286,1.048954376,1.062041604,1.077155771,1.098134595,1.157247615,1.16587274,1.152334116,1.191074341,1.225613635,1.228513706,1.222277974,1.224860299,1.223898374,1.262795749,1.301539191,1.314000445,1.290071386,1.302940607,1.317801356,1.285140991,1.308842778,1.36231792,1.355044603,1.35068965,,,
Afghanistan,AFG,"PPP conversion factor, GDP (LCU per international $)",PA.NUS.PPP,,,,,,,,,,,,,,,,,,,,,,,,,,,,,,,,,,,,,,,,,,,9.190296733,10.0743573,10.91599978,11.74149724,12.21714018,14.5777877,14.59940261,14.17549163,14.5467284,16.61347791,17.24226389,17.50941886,17.0358776,17.02252002,17.44582794,17.20555805,17.14430943,17.91448267,
Angola,AGO,"PPP conversion factor, GDP (LCU per international $)",PA.NUS.PPP,,,,,,,,,,,,,,,,,,,,,,,,,,,,,,,1.06E-08,2.11E-08,1.19E-07,1.18E-06,2.64E-05,0.000497458,0.023939749,0.045997781,0.063388755,0.410849905,2.081743685,4.203521243,10.03390997,19.10367259,24.82366901,34.27518564,38.96333512,39.57883948,46.34378167,38.28420279,50.05276436,64.60575104,65.68167114,66.01937103,65.00067139,68.18204498,80.77896881,92.95172119,117.1160763,146.1671678,
Albania,ALB,"PPP conversion factor, GDP (LCU per international $)",PA.NUS.PPP,,,,,,,,,,,,,,,,,,,,,,,,,,,,,,,2.338548664,3.065402199,9.979886585,21.99848946,29.25851254,31.47720483,35.42455714,38.73816718,40.72008055,41.10161348,42.00700776,42.80558038,42.92630751,44.63893888,44.93597711,45.5272769,44.47164631,44.68905876,44.56126875,44.30554612,44.16235593,43.85783397,43.6549997,44.113709,42.89380728,42.70583076,42.38587915,42.12103581,40.83694823,40.14524134,
Andorra,AND,"PPP conversion factor, GDP (LCU per international $)",PA.NUS.PPP,,,,,,,,,,,,,,,,,,,,,,,,,,,,,,,,,,,,,,,,,,,,,,,,,,,,,,,,,,,,,
Arab World,ARB,"PPP conversion factor, GDP (LCU per international $)",PA.NUS.PPP,,,,,,,,,,,,,,,,,,,,,,,,,,,,,,,,,,,,,,,,,,,,,,,,,,,,,,,,,,,,,
United Arab Emirates,ARE,"PPP conversion factor, GDP (LCU per international $)",PA.NUS.PPP,,,,,,,,,,,,,,,,,,,,,,,,,,,,,,,1.167017196,1.137995705,1.132743131,1.120668228,1.094358065,1.11376609,1.156881439,1.126440215,1.066512615,1.140101476,1.242965634,1.18771295,1.213308042,1.239696536,1.309825101,1.480183941,1.608567217,1.762829873,2.049672527,1.725318197,1.918458625,2.126608372,2.1777246,2.213315964,2.18256712,2.187784672,2.189752102,2.221791983,2.346952366,2.258503076,
Argentina,ARG,"PPP conversion factor, GDP (LCU per international $)",PA.NUS.PPP,,,,,,,,,,,,,,,,,,,,,,,,,,,,,,,0.293642788,0.683116557,0.775239997,0.730329409,0.73543466,0.743129894,0.729385405,0.713694801,0.693716389,0.671283863,0.663416498,0.642063804,0.825195079,0.895180745,1.031788033,1.103858329,1.218660908,1.364084812,1.648101411,1.887153949,2.255571484,2.733127832,3.218153715,3.940966845,5.451963902,6.866548061,9.294965744,10.25682163,14.01928793,20.71395784,
Armenia,ARM,"PPP conversion factor, GDP (LCU per international $)",PA.NUS.PPP,,,,,,,,,,,,,,,,,,,,,,,,,,,,,,,0.005126002,0.008894544,0.058161904,0.847217887,34.8997294,89.2735841,104.8441313,121.3467875,132.8339971,131.0138842,126.3887889,128.6576805,129.640057,133.1292387,137.7785913,137.9039427,140.0346296,142.2051108,147.8467604,150.3923521,160.209069,163.6500092,157.9638367,159.8460999,165.1858978,172.9235229,161.2288818,155.9707031,156.5062188,155.7704797,
American Samoa,ASM,"PPP conversion factor, GDP (LCU per international $)",PA.NUS.PPP,,,,,,,,,,,,,,,,,,,,,,,,,,,,,,,,,,,,,,,,,,,,,,,,,,,,,,,,,,,,,
Antigua and Barbuda,ATG,"PPP conversion factor, GDP (LCU per international $)",PA.NUS.PPP,,,,,,,,,,,,,,,,,,,,,,,,,,,,,,,1.75867662,1.745486703,1.748599379,1.739101389,1.757988355,1.763266483,1.783112832,1.784916508,1.802291429,1.803364727,1.74285929,1.73073631,1.715743659,1.669893007,1.651148866,1.672713176,1.630199254,1.646834449,1.686178398,1.704160752,1.709350909,1.691376686,1.82857132,1.854414701,1.914715052,2.039541245,2.060043097,2.093501091,2.081185198,2.019453209,
Australia,AUS,"PPP conversion factor, GDP (LCU per international $)",PA.NUS.PPP,,,,,,,,,,,,,,,,,,,,,,,,,,,,,,,1.365519,1.348412,1.32855,1.312794,1.301014,1.310865,1.312182,1.308112,1.3003,1.29695,1.311473,1.326806,1.33649,1.353924,1.366397,1.388356,1.404001,1.427582,1.479073,1.441497,1.502766,1.511052,1.540115,1.447123,1.452489,1.473691,1.450156,1.472981,1.439831,1.442175,
Austria,AUT,"PPP conversion factor, GDP (LCU per international $)",PA.NUS.PPP,,,,,,,,,,,,,,,,,,,,,,,,,,,,,,,0.922246,0.924566,0.935415,0.938959,0.94254,0.939929,0.936118,0.931829,0.922801,0.923906,0.907226,0.922769,0.899797,0.889084,0.878806,0.881939,0.861176,0.869233,0.854424,0.843111,0.841548,0.831374,0.813648,0.797081,0.798797,0.798813,0.776931,0.772542,0.740694,0.741282,
Azerbaijan,AZE,"PPP conversion factor, GDP (LCU per international $)",PA.NUS.PPP,,,,,,,,,,,,,,,,,,,,,,,,,,,,,,,7.64E-06,1.36E-05,0.000154566,0.001279059,0.018610279,0.117690677,0.146108281,0.156906661,0.153662794,0.154750905,0.170277084,0.170812916,0.175239754,0.184021553,0.195776447,0.21781672,0.235370785,0.276391295,0.346952129,0.279253069,0.314204734,0.383509785,0.369043291,0.359447956,0.35480395,0.377257109,0.430901468,0.505471647,0.553575394,0.541783029,
Burundi,BDI,"PPP conversion factor, GDP (LCU per international $)",PA.NUS.PPP,,,,,,,,,,,,,,,,,,,,,,,,,,,,,,,71.14825359,71.63783523,73.82513252,77.70021508,81.12595509,92.25500205,103.6901222,134.9562559,148.7354497,168.5441116,186.5851989,207.6239084,206.491778,226.9441969,250.046851,288.1829203,287.6779221,303.3302878,369.5950267,405.161464,434.7832581,461.5091248,527.0529785,539.3110962,547.0996094,570.6591187,585.8931885,654.895874,621.0958227,614.2739019,
Belgium,BEL,"PPP conversion factor, GDP (LCU per international $)",PA.NUS.PPP,,,,,,,,,,,,,,,,,,,,,,,,,,,,,,,0.915381,0.910908,0.921111,0.935723,0.935347,0.927321,0.929897,0.927803,0.935637,0.931348,0.899723,0.892244,0.8733,0.877016,0.889063,0.891788,0.87544,0.880041,0.86694,0.849484,0.835934,0.831911,0.822137,0.806166,0.800214,0.799998,0.781011,0.773165,0.741613,0.735893,
Benin,BEN,"PPP conversion factor, GDP (LCU per international $)",PA.NUS.PPP,,,,,,,,,,,,,,,,,,,,,,,,,,,,,,,86.07062974,83.88506938,84.49709416,84.50455719,110.4582424,124.5257371,130.7333278,133.2305687,138.6402413,202.7353598,206.9107771,206.4589866,210.4678763,212.9569663,208.9701985,211.358967,209.4471932,204.7638306,213.780338,217.5511988,216.9396852,220.4335785,234.0041962,231.4772186,225.0442352,220.5238953,214.4338684,216.7736053,212.8667568,208.1482877,
Burkina Faso,BFA,"PPP conversion factor, GDP (LCU per international $)",PA.NUS.PPP,,,,,,,,,,,,,,,,,,,,,,,,,,,,,,,162.439477,150.8914544,147.8643743,142.3595111,159.7873995,167.1005023,164.6680672,164.395805,175.4743518,203.0590152,196.9907148,200.3990037,203.309302,202.5660494,197.4343219,198.6299439,191.5176552,191.1559616,204.6840911,208.0219218,213.397739,223.1158142,238.978653,231.0792542,231.3259277,225.4159241,215.1966858,208.7572021,207.9361015,202.6846643,
Bangladesh,BGD,"PPP conversion factor, GDP (LCU per international $)",PA.NUS.PPP,,,,,,,,,,,,,,,,,,,,,,,,,,,,,,,13.54189366,13.4564594,13.49635735,13.20449514,13.44119359,14.10578414,14.43871672,14.73336074,15.25941617,15.61098846,15.79593203,15.9609707,16.32410153,16.95854502,17.26734345,17.51374311,17.99817772,18.66158441,19.74450854,20.92060886,22.1571298,23.40955544,23.78735161,24.96619797,25.81887817,27.28372955,28.4988308,29.73817444,30.65595845,31.41287192,
Bulgaria,BGR,"PPP conversion factor, GDP (LCU per international $)",PA.NUS.PPP,,,,,,,,,,,,,,,,,,,,,,,,,,,,,,,0.000691143,0.002183018,0.00340601,0.005027071,0.008500484,0.019646785,0.038280397,0.39832269,0.518766694,0.525165651,0.535800163,0.555721047,0.558289278,0.560403672,0.580729354,0.596499288,0.619052887,0.657230263,0.677681308,0.692689165,0.67642103,0.701074892,0.692813663,0.680007503,0.661227941,0.678701287,0.666665741,0.6741281,0.660981413,0.678323366,
Bahrain,BHR,"PPP conversion factor, GDP (LCU per international $)",PA.NUS.PPP,,,,,,,,,,,,,,,,,,,,,,,,,,,,,,,0.119323778,0.113247717,0.106812901,0.101183617,0.10633101,0.105283119,0.103593407,0.102786167,0.094468859,0.095598113,0.121551944,0.11494198,0.117015591,0.124764948,0.134847586,0.148735823,0.157132542,0.165930315,0.181262651,0.156516287,0.166225912,0.178678498,0.175509304,0.180676997,0.1838682,0.1867311,0.189881027,0.187117711,0.190497218,0.188021618,
"Bahamas, The",BHS,"PPP conversion factor, GDP (LCU per international $)",PA.NUS.PPP,,,,,,,,,,,,,,,,,,,,,,,,,,,,,,,0.980501639,0.972675058,0.988144606,0.957050567,0.957500236,0.945360932,0.937499678,0.939373157,0.957242563,0.990332008,0.977607882,0.960011308,0.982494349,0.975717046,0.96148796,0.9795951,0.958693504,0.961130643,0.95682522,0.93974843,0.92528002,0.898563445,0.91523546,0.903084576,0.904266655,0.936313272,0.924120188,0.901406765,0.890462443,0.899882582,
Bosnia and Herzegovina,BIH,"PPP conversion factor, GDP (LCU per international $)",PA.NUS.PPP,,,,,,,,,,,,,,,,,,,,,,,,,,,,,,,,,,,0.659406545,0.703006239,0.572611434,0.636147008,0.619115367,0.66129911,0.684955745,0.704196041,0.715735982,0.717488885,0.714973017,0.723431435,0.719422182,0.731969993,0.752858794,0.734656677,0.731688447,0.718162098,0.705937888,0.686155378,0.687203279,0.694093036,0.675567653,0.678498039,0.65387846,0.655183883,
Belarus,BLR,"PPP conversion factor, GDP (LCU per international $)",PA.NUS.PPP,,,,,,,,,,,,,,,,,,,,,,,,,,,,,,,8.12E-09,1.65E-08,1.83E-07,2.07E-06,4.14E-05,0.000309008,0.000466448,0.000787084,0.001374368,0.005646749,0.015757401,0.027682782,0.039486042,0.050661626,0.060519888,0.069826756,0.075060676,0.082506654,0.098101039,0.106372948,0.11701939,0.196053222,0.320173144,0.373921454,0.448664755,0.525160432,0.563757062,0.609042823,0.666734273,0.697016594,
Belize,BLZ,"PPP conversion factor, GDP (LCU per international $)",PA.NUS.PPP,,,,,,,,,,,,,,,,,,,,,,,,,,,,,,,1.317675192,1.234038656,1.254691611,1.245894616,1.263955268,1.313088678,1.315018306,1.273208507,1.278161556,1.231782535,1.210521233,1.180867524,1.182456151,1.128879076,1.121433713,1.118177569,1.137000153,1.157573761,1.166035751,1.12558477,1.12931303,1.151228309,1.23902154,1.264288425,1.312484026,1.318525076,1.342274308,1.375065088,1.33980031,1.316583997,
Bermuda,BMU,"PPP conversion factor, GDP (LCU per international $)",PA.NUS.PPP,,,,,,,,,,,,,,,,,,,,,,,,,,,,,,,0.872521833,0.898253409,0.902951758,0.927887623,0.926290395,0.945176354,1.200738632,1.227881717,1.247503798,1.26310129,1.183142963,1.141896761,1.220570026,1.23216547,1.256161897,1.30059546,1.330274257,1.380650274,1.423497607,1.427470666,1.44258238,1.396796823,1.459248185,1.441759467,1.43172729,1.419243693,1.39972508,1.366415858,1.355103417,1.370785956,
Bolivia,BOL,"PPP conversion factor, GDP (LCU per international $)",PA.NUS.PPP,,,,,,,,,,,,,,,,,,,,,,,,,,,,,,,0.947327698,1.07843461,1.193578864,1.242407614,1.313165347,1.433173281,1.570383492,1.631835317,1.727455288,1.743934939,1.794425549,1.788748117,1.810565525,1.890073694,1.987170441,2.04162862,2.252427154,2.355238341,2.550136424,2.469598791,2.655425685,2.98091197,3.04548192,3.033396721,3.017755508,2.94069767,2.834712029,2.748943567,2.765588797,2.694105126,
Brazil,BRA,"PPP conversion factor, GDP (LCU per international $)",PA.NUS.PPP,,,,,,,,,,,,,,,,,,,,,,,,,,,,,,,1.16E-05,5.75E-05,0.000600851,0.012333746,0.290164164,0.538560948,0.626496027,0.663477112,0.68840103,0.732962857,0.757127833,0.801815096,0.866669186,0.970763721,1.018595172,1.061232495,1.099839888,1.140034491,1.216451437,1.295539855,1.388488194,1.473216414,1.605704427,1.701276302,1.81320107,1.988814116,2.133081675,2.18155694,2.199647234,2.247383654,
Barbados,BRB,"PPP conversion factor, GDP (LCU per international $)",PA.NUS.PPP,,,,,,,,,,,,,,,,,,,,,,,,,,,,,,,1.619005716,1.636444063,1.633939855,1.679047672,1.680271817,1.662486352,1.67403508,1.660746519,1.785192833,1.837803717,1.773838817,1.774914366,1.76313935,1.75030883,1.803758351,1.86590609,1.88835492,1.994091414,1.988556293,1.940260229,1.991140719,2.018887043,2.122737169,2.145609856,2.173118114,2.130779505,2.118868113,2.203005075,2.210317852,2.222566866,
Brunei Darussalam,BRN,"PPP conversion factor, GDP (LCU per international $)",PA.NUS.PPP,,,,,,,,,,,,,,,,,,,,,,,,,,,,,,,0.441102189,0.41456723,0.412329674,0.39089833,0.349185037,0.351839631,0.361022421,0.385370374,0.3366907,0.370378996,0.467398514,0.431791051,0.426658134,0.444450092,0.501553288,0.577681919,0.617052518,0.607643275,0.671704263,0.519355966,0.599047159,0.705206811,0.676012278,0.668107867,0.649697363,0.685113609,0.666354418,0.646853626,0.689677788,0.65397196,
Bhutan,BTN,"PPP conversion factor, GDP (LCU per international $)",PA.NUS.PPP,,,,,,,,,,,,,,,,,,,,,,,,,,,,,,,6.560784364,6.902360179,7.375964508,7.795107102,8.61301307,9.115045698,9.672263223,10.6954523,11.68795456,12.37827202,11.97003488,12.34079609,12.7263277,12.87739037,13.00438496,13.35597372,13.66627934,13.70183536,14.18103119,14.74312736,15.4264788,16.39680481,17.1476078,18.13540268,18.67707062,18.58677483,18.83104706,19.20833969,19.08145334,18.9001287,
Botswana,BWA,"PPP conversion factor, GDP (LCU per international $)",PA.NUS.PPP,,,,,,,,,,,,,,,,,,,,,,,,,,,,,,,0.9645637,0.981320161,1.023155974,1.130054088,1.211137822,1.271144548,1.449414613,1.49595314,1.626749445,1.831871988,2.045734098,2.168233806,2.159815615,2.189543912,2.347036221,2.628292967,2.741738138,2.801581917,2.878096972,3.040912335,3.274011339,3.654658079,3.96378684,4.125849247,4.28442955,4.430125237,4.57505703,4.733849525,4.675212655,4.615553084,
Central African Republic,CAF,"PPP conversion factor, GDP (LCU per international $)",PA.NUS.PPP,,,,,,,,,,,,,,,,,,,,,,,,,,,,,,,219.9345617,211.9109131,212.9546055,200.8843181,244.700069,263.3974232,249.4967692,247.2868854,243.5218486,249.8615139,265.1880257,260.6014655,250.4586448,249.1783417,231.8728478,234.2867975,234.9868442,233.0461764,244.7777692,244.6545533,252.0210368,256.7613525,262.1289978,254.3471527,290.9452209,283.5237427,280.0477905,286.8291626,276.5805306,277.8528675,
Canada,CAN,"PPP conversion factor, GDP (LCU per international $)",PA.NUS.PPP,,,,,,,,,,,,,,,,,,,,,,,,,,,,,,,1.241965,1.237998,1.228098,1.215102,1.20701,1.208841,1.207821,1.200974,1.185448,1.19081,1.227563,1.221139,1.229333,1.226338,1.233195,1.213644,1.205778,1.212706,1.23439,1.201369,1.221371,1.239904,1.244607,1.224,1.230358,1.248042,1.207045,1.2083,1.178077,1.186223,
Central Europe and the Baltics,CEB,"PPP conversion factor, GDP (LCU per international $)",PA.NUS.PPP,,,,,,,,,,,,,,,,,,,,,,,,,,,,,,,,,,,,,,,,,,,,,,,,,,,,,,,,,,,,,
Switzerland,CHE,"PPP conversion factor, GDP (LCU per international $)",PA.NUS.PPP,,,,,,,,,,,,,,,,,,,,,,,,,,,,,,,1.936289,1.97426,1.971282,1.970372,1.952026,1.926041,1.891189,1.844334,1.827663,1.802836,1.788109,1.768379,1.70976,1.717018,1.693209,1.686548,1.600989,1.533994,1.493049,1.46898,1.464944,1.397498,1.354072,1.312477,1.281761,1.235788,1.201964,1.183945,1.142621,1.125833,
Channel Islands,CHI,"PPP conversion factor, GDP (LCU per international $)",PA.NUS.PPP,,,,,,,,,,,,,,,,,,,,,,,,,,,,,,,,,,,,,,,,,,,,,,,,,,,,,,,,,,,,,
Chile,CHL,"PPP conversion factor, GDP (LCU per international $)",PA.NUS.PPP,,,,,,,,,,,,,,,,,,,,,,,,,,,,,,,168.599469,197.688509,216.035682,233.489517,257.4139,275.634032,275.297281,278.916342,278.687425,280.983094,286.579744,291.255853,296.446431,304.367804,319.653393,333.69,318.574722,323.878962,340.400833,354.325885,359.83702,348.016847,347.228507,349.680536,367.213907,391.178861,397.250703,396.448744,400.278054,387.770444,
China,CHN,"PPP conversion factor, GDP (LCU per international $)",PA.NUS.PPP,,,,,,,,,,,,,,,,,,,,,,,,,,,,,,,1.692147957,1.746698772,1.84765273,2.078977956,2.455173359,2.733375621,2.858881999,2.855851741,2.798642596,2.723965383,2.719364443,2.715469385,2.689281146,2.708979584,2.821350896,2.84293348,2.867777842,3.009186492,3.181871402,3.15118129,3.329232161,3.524467707,3.560967922,3.663644791,3.758849859,3.87069726,3.988837242,4.183811188,4.227257937,4.212260535,
Cote d'Ivoire,CIV,"PPP conversion factor, GDP (LCU per international $)",PA.NUS.PPP,,,,,,,,,,,,,,,,,,,,,,,,,,,,,,,120.005454,116.8500926,114.219286,118.442332,169.7580961,184.6343527,190.3494809,198.7274987,203.6678297,202.3475289,202.3680028,212.6711931,223.3182688,229.7727185,217.2811909,213.4595408,210.8029834,211.3097654,224.9018871,228.4360249,237.967637,236.9105835,241.7153778,247.2416077,246.5193329,250.6382446,252.4108276,253.7456055,249.2839327,245.0254669,
Cameroon,CMR,"PPP conversion factor, GDP (LCU per international $)",PA.NUS.PPP,,,,,,,,,,,,,,,,,,,,,,,,,,,,,,,153.3979085,153.6753167,148.3315124,202.5683871,217.4103692,223.5771803,221.9123524,230.3428091,237.5924911,231.5883296,238.3372681,236.6283309,237.2337345,233.3644629,231.759636,226.4419023,227.172616,223.3486241,233.5748473,235.6213193,237.3554945,238.707077,242.1939545,241.0830078,239.119339,240.7082672,237.4437561,232.8013916,230.9000184,232.2181115,
"Congo, Dem. Rep.",COD,"PPP conversion factor, GDP (LCU per international $)",PA.NUS.PPP,,,,,,,,,,,,,,,,,,,,,,,,,,,,,,,7.33E-10,1.73E-08,6.68E-07,1.15E-05,0.003018796,0.016747515,0.121405315,0.349261323,0.438401872,2.34189826,62.53865968,105.9062494,137.3269542,152.9102981,158.3798186,199.4736628,219.4140595,256.9890608,303.6757916,399.802125,477.3440407,532.0634155,583.2546387,558.9066162,530.0176392,508.59552,494.126709,645.390564,812.5619503,834.5853897,
"Congo, Rep.",COG,"PPP conversion factor, GDP (LCU per international $)",PA.NUS.PPP,,,,,,,,,,,,,,,,,,,,,,,,,,,,,,,101.6095919,96.83055139,93.18736545,90.00119548,120.5059201,122.0392589,141.4072591,145.9113651,117.9952052,150.4607436,216.400035,182.2679679,176.309659,165.735915,188.5162869,221.8164148,239.8028667,249.2697793,284.2940923,222.4269134,284.5441076,309.2511902,316.1163635,316.1519165,314.8050842,311.999054,316.6252747,297.6739807,357.7548567,348.2733334,
Colombia,COL,"PPP conversion factor, GDP (LCU per international $)",PA.NUS.PPP,,,,,,,,,,,,,,,,,,,,,,,,,,,,,,,174.1783185,213.980233,256.6291925,312.9649182,374.1297434,435.5245661,499.8383061,574.1104331,651.5902469,723.3956859,786.4960707,819.782102,855.1813183,896.9250259,937.0217617,951.9088322,977.6080489,1001.558885,1057.875327,1092.540781,1121.047421,1168.243042,1203.585205,1206.679077,1220.6073,1276.47937,1293.741161,1323.513894,1318.651531,1317.188166,
Comoros,COM,"PPP conversion factor, GDP (LCU per international $)",PA.NUS.PPP,,,,,,,,,,,,,,,,,,,,,,,,,,,,,,,165.3731375,172.9508504,157.6586434,158.3725454,169.6634039,180.0066174,182.4242455,180.9895467,181.3853215,189.1946769,191.3986613,203.4537294,208.6389113,215.3057434,216.7652992,210.8811934,211.0542748,212.8190718,215.2492043,215.8119818,216.8534168,218.9775848,213.963623,211.5000305,206.3431091,203.3440399,197.5705566,190.1259003,187.7627915,188.4658166,
Cabo Verde,CPV,"PPP conversion factor, GDP (LCU per international $)",PA.NUS.PPP,,,,,,,,,,,,,,,,,,,,,,,,,,,,,,,56.23147246,56.99876136,53.43504501,77.96032494,54.06293025,52.13348005,54.14848914,52.78595519,52.02306915,55.18632377,53.33136654,54.87708919,53.82636516,55.44553787,50.57289356,48.16486152,48.9192055,48.28993353,49.04820977,49.73566268,49.41110737,49.69546127,51.14078903,51.85521698,51.83972549,50.45266342,49.36414337,48.47712708,48.04544688,47.39553801,
Costa Rica,CRI,"PPP conversion factor, GDP (LCU per international $)",PA.NUS.PPP,,,,,,,,,,,,,,,,,,,,,,,,,,,,,,,33.14061495,52.62085461,61.57954553,66.39669143,75.18753535,89.26905004,101.0397559,113.8342848,126.2430108,138.6343841,148.3694778,159.3535942,172.3414243,187.3416796,206.9596181,227.0066034,249.0653584,268.1030892,293.0147569,319.375431,336.4406176,344.5460205,353.7847595,357.828125,363.4217834,364.1627197,341.518645,339.505722,342.994307,330.795848,
Caribbean small states,CSS,"PPP conversion factor, GDP (LCU per international $)",PA.NUS.PPP,,,,,,,,,,,,,,,,,,,,,,,,,,,,,,,,,,,,,,,,,,,,,,,,,,,,,,,,,,,,,
Cuba,CUB,"PPP conversion factor, GDP (LCU per international $)",PA.NUS.PPP,,,,,,,,,,,,,,,,,,,,,,,,,,,,,,,,,,,,,,,,,,,,,,,,,,,,0.321938711,,,,,,,,,
Curacao,CUW,"PPP conversion factor, GDP (LCU per international $)",PA.NUS.PPP,,,,,,,,,,,,,,,,,,,,,,,,,,,,,,,,,,,,,,,,,1.249048851,1.244117999,1.229766901,1.226904365,1.21122684,1.222797695,1.224029638,1.227769194,1.287442825,1.300700892,1.321462041,1.324621677,1.407860398,1.413064361,1.428795934,1.423379064,1.410977721,1.367156506,1.36914009,1.378719563,
Cayman Islands,CYM,"PPP conversion factor, GDP (LCU per international $)",PA.NUS.PPP,,,,,,,,,,,,,,,,,,,,,,,,,,,,,,,,,,,,,,,,,,,,,,,0.966275816,0.969913411,0.980403585,0.978924924,0.965652117,0.941537917,0.965750873,0.981098115,0.990836918,0.989632905,0.981255233,0.973790824,0.977497021,,
Cyprus,CYP,"PPP conversion factor, GDP (LCU per international $)",PA.NUS.PPP,,,,,,,,,,,,,,,,,,,,,,,,,,,,,,,0.565484956,0.568254081,0.589158109,0.603165476,0.621682936,0.691714103,0.698385137,0.702325134,0.711273829,0.720750508,0.716790382,0.71153146,0.710507594,0.737286227,0.734248569,0.722889337,0.710782761,0.695077587,0.693818424,0.681581072,0.699604471,0.698623214,0.706848738,0.68731613,0.67970867,0.663141323,0.622328385,0.613226184,0.589957147,0.591076821,
Czech Republic,CZE,"PPP conversion factor, GDP (LCU per international $)",PA.NUS.PPP,,,,,,,,,,,,,,,,,,,,,,,,,,,,,,,5.539975,7.298217,8.017368,9.47718,10.424254,11.179863,12.101799,12.907649,13.987701,14.22935,14.326189,14.320106,14.458321,14.19064,14.438093,14.562493,14.433858,14.276106,13.916713,13.628403,13.661572,13.345305,13.297699,12.785271,12.70321,12.93798,12.576343,12.385437,11.993455,12.163287,
Germany,DEU,"PPP conversion factor, GDP (LCU per international $)",PA.NUS.PPP,,,,,,,,,,,,,,,,,,,,,,,,,,,,,,,0.948976,0.946252,0.97426,0.988672,0.987862,0.986744,0.976539,0.973221,0.968747,0.954119,0.942801,0.929565,0.913257,0.896861,0.875789,0.872721,0.84871,0.83832,0.820401,0.81051,0.804426,0.788739,0.787246,0.774784,0.768937,0.778122,0.752608,0.742412,0.714152,0.721158,
Djibouti,DJI,"PPP conversion factor, GDP (LCU per international $)",PA.NUS.PPP,,,,,,,,,,,,,,,,,,,,,,,,,,,,,,,,,,,,,,,,,,,,,,,,,,,,93.57182312,98.26959229,100.1522827,102.1108551,103.3022842,106.1264572,106.0227051,104.543288,105.0059679,
Dominica,DMA,"PPP conversion factor, GDP (LCU per international $)",PA.NUS.PPP,,,,,,,,,,,,,,,,,,,,,,,,,,,,,,,1.753950979,1.826410993,1.864032836,1.869692953,1.970459996,1.945122041,1.972504189,1.967086809,1.994600922,2.016075705,1.983808429,1.981687051,1.96625591,1.870191119,1.890217943,1.806565006,1.795013734,1.774716881,1.767116392,1.894113917,1.877853119,1.870429516,1.859238625,1.86717689,1.811030388,1.841155171,1.82589674,1.737537384,1.757748821,1.759704171,
Denmark,DNK,"PPP conversion factor, GDP (LCU per international $)",PA.NUS.PPP,,,,,,,,,,,,,,,,,,,,,,,,,,,,,,,9.144147,9.080259,9.02495,8.867198,8.817723,8.747383,8.728955,8.702545,8.662036,8.752578,8.667529,8.690645,8.561606,8.656778,8.466842,8.569438,8.298208,8.172364,7.944128,7.725447,7.585045,7.466492,7.564136,7.354846,7.328674,7.305357,7.079856,6.849806,6.562013,6.463254,
Dominican Republic,DOM,"PPP conversion factor, GDP (LCU per international $)",PA.NUS.PPP,,,,,,,,,,,,,,,,,,,,,,,,,,,,,,,3.009775641,4.607118961,4.75528805,4.876736775,5.25874268,5.647909684,5.749890832,6.186650116,6.515737268,6.669269548,6.993633784,7.25692569,7.638333156,10.00837211,14.1478932,14.51372438,15.02298993,15.46402237,16.74527755,17.19992825,17.92729355,18.97597885,20.18921471,20.88737679,21.35897064,21.15100861,20.81889343,21.61327553,21.96890159,22.09468557,
Algeria,DZA,"PPP conversion factor, GDP (LCU per international $)",PA.NUS.PPP,,,,,,,,,,,,,,,,,,,,,,,,,,,,,,,3.119647986,4.640725108,5.53218244,6.140426553,7.760208293,9.772924199,11.90262592,12.5201471,11.9931449,13.10593706,15.72653608,15.31614563,15.27672868,16.24767165,17.75949979,20.00028934,21.46022708,22.23538126,25.15052136,22.17427958,25.45219127,29.4758873,32.59322739,33.43034744,34.03952408,35.01082993,37.15582657,38.85575104,40.61156821,39.47538589,
East Asia & Pacific (excluding high income),EAP,"PPP conversion factor, GDP (LCU per international $)",PA.NUS.PPP,,,,,,,,,,,,,,,,,,,,,,,,,,,,,,,,,,,,,,,,,,,,,,,,,,,,,,,,,,,,,
Early-demographic dividend,EAR,"PPP conversion factor, GDP (LCU per international $)",PA.NUS.PPP,,,,,,,,,,,,,,,,,,,,,,,,,,,,,,,,,,,,,,,,,,,,,,,,,,,,,,,,,,,,,
East Asia & Pacific,EAS,"PPP conversion factor, GDP (LCU per international $)",PA.NUS.PPP,,,,,,,,,,,,,,,,,,,,,,,,,,,,,,,,,,,,,,,,,,,,,,,,,,,,,,,,,,,,,
Europe & Central Asia (excluding high income),ECA,"PPP conversion factor, GDP (LCU per international $)",PA.NUS.PPP,,,,,,,,,,,,,,,,,,,,,,,,,,,,,,,,,,,,,,,,,,,,,,,,,,,,,,,,,,,,,
Europe & Central Asia,ECS,"PPP conversion factor, GDP (LCU per international $)",PA.NUS.PPP,,,,,,,,,,,,,,,,,,,,,,,,,,,,,,,,,,,,,,,,,,,,,,,,,,,,,,,,,,,,,
Ecuador,ECU,"PPP conversion factor, GDP (LCU per international $)",PA.NUS.PPP,,,,,,,,,,,,,,,,,,,,,,,,,,,,,,,0.30824764,0.318705951,0.325013832,0.325878967,0.366953382,0.378187758,0.376921787,0.396492499,0.377248451,0.274075031,0.247402089,0.310880673,0.343025603,0.372445928,0.378138703,0.395072786,0.414149205,0.430137514,0.480356462,0.479847263,0.50972863,0.527572334,0.551044822,0.542989254,0.544437647,0.553737104,0.549206555,0.534820974,0.531598931,0.520580052,
"Egypt, Arab Rep.",EGY,"PPP conversion factor, GDP (LCU per international $)",PA.NUS.PPP,,,,,,,,,,,,,,,,,,,,,,,,,,,,,,,0.459572144,0.516222031,0.597339972,0.632699953,0.671810266,0.73302461,0.771008165,0.832794438,0.843106303,0.838748245,0.852768468,0.850050403,0.863303997,0.905007519,0.984126299,1.013691499,1.056332193,1.158270667,1.274828742,1.406701262,1.53103427,1.67461729,1.746918082,1.875361204,2.16186142,2.29638958,2.563081741,3.266602993,3.872186201,4.316027822,
Euro area,EMU,"PPP conversion factor, GDP (LCU per international $)",PA.NUS.PPP,,,,,,,,,,,,,,,,,,,,,,,,,,,,,,,,,,,,,,,,,,,,,,,,,,,,,,,,,,,,,
Eritrea,ERI,"PPP conversion factor, GDP (LCU per international $)",PA.NUS.PPP,,,,,,,,,,,,,,,,,,,,,,,,,,,,,,,,,1.06141922,1.02251181,1.222884951,1.333117721,1.427949755,1.458449744,1.573591366,1.587160567,1.940221934,2.184831779,2.498138366,2.989042844,3.632509264,3.791342358,4.099275581,4.28298637,4.876671012,6.267726743,5.190109739,6.077217994,6.390575256,6.090202547,6.071786884,5.826648999,5.809384567,5.469904349,,,
Spain,ESP,"PPP conversion factor, GDP (LCU per international $)",PA.NUS.PPP,,,,,,,,,,,,,,,,,,,,,,,,,,,,,,,0.619435,0.640726,0.668489,0.682646,0.694306,0.713594,0.724042,0.723932,0.723853,0.73921,0.739549,0.747416,0.742312,0.760047,0.76653,0.769508,0.736983,0.7333,0.725862,0.718152,0.72637,0.714129,0.694976,0.6748,0.662359,0.66474,0.642644,0.628831,0.612611,0.607903,
Estonia,EST,"PPP conversion factor, GDP (LCU per international $)",PA.NUS.PPP,,,,,,,,,,,,,,,,,,,,,,,,,,,,,,,,,,0.175009,0.239324,0.30815,0.378136,0.409637,0.435437,0.462332,0.468716,0.487802,0.486245,0.486274,0.494059,0.503328,0.521489,0.551852,0.545055,0.516739,0.511706,0.5116,0.521063,0.522424,0.52689,0.53758,0.527849,0.533205,0.523582,0.529969,
Ethiopia,ETH,"PPP conversion factor, GDP (LCU per international $)",PA.NUS.PPP,,,,,,,,,,,,,,,,,,,,,,,,,,,,,,,1.299720378,1.497133392,1.691132183,1.872976573,1.887568315,2.083717668,2.051143556,2.020540342,1.995051849,2.010370524,2.100127898,1.936776743,1.83757162,2.034411409,2.058563711,2.193530214,2.375060312,2.711228307,3.465635787,4.269910931,4.281700346,5.035502911,6.640948772,7.080699444,7.14422369,7.766685009,8.055920601,8.52085495,9.348209763,10.34944606,
European Union,EUU,"PPP conversion factor, GDP (LCU per international $)",PA.NUS.PPP,,,,,,,,,,,,,,,,,,,,,,,,,,,,,,,,,,,,,,,,,,,,,,,,,,,,,,,,,,,,,
Fragile and conflict affected situations,FCS,"PPP conversion factor, GDP (LCU per international $)",PA.NUS.PPP,,,,,,,,,,,,,,,,,,,,,,,,,,,,,,,,,,,,,,,,,,,,,,,,,,,,,,,,,,,,,
Finland,FIN,"PPP conversion factor, GDP (LCU per international $)",PA.NUS.PPP,,,,,,,,,,,,,,,,,,,,,,,,,,,,,,,1.007679,0.989452,0.975994,0.970241,0.967486,0.987427,0.994102,0.989515,0.991565,0.992037,0.983695,1.002505,0.998133,1.003035,0.974018,0.979424,0.95414,0.935952,0.912125,0.895842,0.899789,0.898068,0.908495,0.905357,0.90721,0.907748,0.880895,0.860908,0.825529,0.819545,
Fiji,FJI,"PPP conversion factor, GDP (LCU per international $)",PA.NUS.PPP,,,,,,,,,,,,,,,,,,,,,,,,,,,,,,,0.64692264,0.66326361,0.689113678,0.721879668,0.712735486,0.706173879,0.713559126,0.725667928,0.771321517,0.812131368,0.757303719,0.765956506,0.779055912,0.82507503,0.821434632,0.850931853,0.856704342,0.858946733,0.853982845,0.859308206,0.885338682,0.948667109,0.929741383,0.934711635,0.932411849,0.910992801,0.937128186,0.939006925,0.92974687,0.933689774,
France,FRA,"PPP conversion factor, GDP (LCU per international $)",PA.NUS.PPP,,,,,,,,,,,,,,,,,,,,,,,,,,,,,,,1.027381,1.019087,1.015979,1.008578,0.996625,0.987135,0.983624,0.969551,0.961614,0.952721,0.929965,0.911554,0.900678,0.930853,0.935902,0.916458,0.895886,0.889851,0.881874,0.862331,0.85398,0.841361,0.844301,0.811643,0.807565,0.808694,0.780044,0.767657,0.73234,0.709358,
Faroe Islands,FRO,"PPP conversion factor, GDP (LCU per international $)",PA.NUS.PPP,,,,,,,,,,,,,,,,,,,,,,,,,,,,,,,,,,,,,,,,,,,,,,,,,,,,,,,,,,,,,
"Micronesia, Fed. Sts.",FSM,"PPP conversion factor, GDP (LCU per international $)",PA.NUS.PPP,,,,,,,,,,,,,,,,,,,,,,,,,,,,,,,0.863185408,0.877543328,0.883992484,0.889544492,0.893722009,0.895043255,0.895382297,0.885936054,0.902281228,0.88246095,0.872477856,0.863218252,0.850577141,0.832028414,0.818263611,0.810185737,0.797277211,0.801067548,0.825111303,0.862773281,0.883563145,0.87929396,0.924196979,0.914042919,0.924579484,0.867006205,0.892857732,0.941822864,1.005726055,,
Gabon,GAB,"PPP conversion factor, GDP (LCU per international $)",PA.NUS.PPP,,,,,,,,,,,,,,,,,,,,,,,,,,,,,,,146.6309871,125.7134375,123.175246,119.7113933,171.7708168,170.4960127,190.138344,188.6844164,153.3977259,180.2345657,225.8132742,207.1503989,205.6699963,201.4817371,211.4350744,246.2512536,262.6047094,266.5560261,315.0164408,256.1261063,295.1128506,325.7325439,326.2744446,316.4349365,310.4154663,297.0108337,289.7207947,279.7657166,292.6109292,291.4989122,
United Kingdom,GBR,"PPP conversion factor, GDP (LCU per international $)",PA.NUS.PPP,,,,,,,,,,,,,,,,,,,,,,,,,,,,,,,0.632935,0.65153,0.658168,0.660507,0.65571,0.714632,0.714617,0.708919,0.720742,0.725819,0.704306,0.694382,0.689877,0.696596,0.68841,0.707619,0.69742,0.7101,0.701691,0.709551,0.701707,0.706052,0.701634,0.695248,0.698444,0.692551,0.688603,0.682422,0.662639,0.664175,
Georgia,GEO,"PPP conversion factor, GDP (LCU per international $)",PA.NUS.PPP,,,,,,,,,,,,,,,,,,,,,,,,,,,,,,,5.45E-07,8.55E-07,1.18E-05,0.001790888,0.107689494,0.277116686,0.389242661,0.407656594,0.431082998,0.466281178,0.477431708,0.492301143,0.513322204,0.521221015,0.550352849,0.576087597,0.606410031,0.6464369,0.694948625,0.674958899,0.761852897,0.811295331,0.743100882,0.724774063,0.722901881,0.753516793,0.747672737,0.80457169,0.819481065,0.845610438,
Ghana,GHA,"PPP conversion factor, GDP (LCU per international $)",PA.NUS.PPP,,,,,,,,,,,,,,,,,,,,,,,,,,,,,,,0.016839539,0.019553171,0.021249118,0.027349265,0.034845227,0.048820781,0.067042312,0.078729906,0.0911265,0.10237977,0.127409688,0.168084317,0.203224254,0.256789741,0.28594131,0.318798377,0.349006762,0.403188583,0.472262453,0.542116946,0.624804214,0.697181165,0.766061068,0.883554935,1.046781182,1.265835881,1.54423666,1.763949633,1.897821502,2.032733832,
Gibraltar,GIB,"PPP conversion factor, GDP (LCU per international $)",PA.NUS.PPP,,,,,,,,,,,,,,,,,,,,,,,,,,,,,,,,,,,,,,,,,,,,,,,,,,,,,,,,,,,,,
Guinea,GIN,"PPP conversion factor, GDP (LCU per international $)",PA.NUS.PPP,,,,,,,,,,,,,,,,,,,,,,,,,,,,,,,457.8131871,557.1722612,687.5943725,676.2058772,671.5225583,696.8748478,694.9240381,692.9411148,708.010117,727.4396861,756.3610308,753.0970784,744.5788025,847.3111025,961.4169292,1187.759141,1586.166393,1754.874837,2008.882648,2028.889856,2328.298662,2485.900879,2789.94043,2932.74707,3059.934814,3164.996094,3159.341553,3216.034912,3096.550579,3305.075404,
"Gambia, The",GMB,"PPP conversion factor, GDP (LCU per international $)",PA.NUS.PPP,,,,,,,,,,,,,,,,,,,,,,,,,,,,,,,2.359844236,2.471113991,2.588077394,2.658184831,2.700920139,2.750295318,2.779482815,2.837419924,2.876478478,2.958622573,2.958087433,3.332432666,3.808836773,4.76365498,9.00803172,9.095291517,8.94318271,9.093725731,9.14106658,9.481349758,9.901135474,10.14197159,10.83116341,11.87320232,12.5058794,13.58817577,14.48261452,15.28607559,15.95994298,16.77519241,
Guinea-Bissau,GNB,"PPP conversion factor, GDP (LCU per international $)",PA.NUS.PPP,,,,,,,,,,,,,,,,,,,,,,,,,,,,,,,14.5500964,23.62969374,38.11592284,55.5002141,66.97358599,94.9401616,129.8118182,171.1754947,182.9386212,202.5270761,204.5581081,213.7172871,214.1697325,199.7268017,191.7935528,196.7887707,186.6674062,189.7481961,209.3475892,202.6565427,206.2625491,230.3917694,232.1931152,229.744278,223.3035889,223.3507538,224.4070435,222.7485809,216.5275139,196.6652737,
Equatorial Guinea,GNQ,"PPP conversion factor, GDP (LCU per international $)",PA.NUS.PPP,,,,,,,,,,,,,,,,,,,,,,,,,,,,,,,139.8750809,140.105573,115.8558602,110.1265222,134.2693751,141.6129975,140.2086545,119.7108953,81.01125765,111.1288603,159.3110375,137.2290561,132.9538558,131.3594692,149.5625796,206.8008416,226.7734576,227.5494377,267.4922581,210.1707661,259.493273,297.509491,295.0380249,289.6785583,284.1853027,277.463562,267.9431458,248.9342957,270.1672911,245.8601602,
Greece,GRC,"PPP conversion factor, GDP (LCU per international $)",PA.NUS.PPP,,,,,,,,,,,,,,,,,,,,,,,,,,,,,,,0.336309,0.389679,0.437379,0.488904,0.532208,0.57232,0.602871,0.627391,0.647942,0.67328,0.669482,0.668361,0.662967,0.685789,0.69509,0.708976,0.693383,0.71919,0.707951,0.703914,0.721426,0.713163,0.684663,0.631286,0.611135,0.60907,0.58858,0.573211,0.546923,0.538129,
Grenada,GRD,"PPP conversion factor, GDP (LCU per international $)",PA.NUS.PPP,,,,,,,,,,,,,,,,,,,,,,,,,,,,,,,1.650968582,1.70347919,1.732337251,1.724115395,1.741931005,1.758247303,1.772786472,1.773837624,1.784578871,1.778908785,1.786859431,1.785998319,1.76473099,1.731220463,1.720076018,1.709646954,1.736303747,1.730100997,1.830273407,1.816246062,1.803938324,1.770994782,1.800373793,1.769275188,1.732787371,1.735502124,1.730124235,1.690312862,1.645041327,1.640171111,
Greenland,GRL,"PPP conversion factor, GDP (LCU per international $)",PA.NUS.PPP,,,,,,,,,,,,,,,,,,,,,,,,,,,,,,,,,,,,,,,,,,,,,,,,,,,,,,,,,,,,,
Guatemala,GTM,"PPP conversion factor, GDP (LCU per international $)",PA.NUS.PPP,,,,,,,,,,,,,,,,,,,,,,,,,,,,,,,1.000572102,1.286988468,1.369816603,1.532197565,1.676016721,1.78388573,1.907720687,2.030238413,2.198416871,2.276384809,2.378689506,2.504357542,2.624364905,2.69132696,2.78003271,2.847963238,2.902355833,3.028123843,3.250768092,3.340486318,3.471795481,3.636532545,3.647882223,3.716833591,3.766833305,3.731572151,3.857656717,3.932594061,3.886240891,3.942333444,
Guam,GUM,"PPP conversion factor, GDP (LCU per international $)",PA.NUS.PPP,,,,,,,,,,,,,,,,,,,,,,,,,,,,,,,,,,,,,,,,,,,,,,,,,,,,,,,,,,,,,
Guyana,GUY,"PPP conversion factor, GDP (LCU per international $)",PA.NUS.PPP,,,,,,,,,,,,,,,,,,,,,,,,,,,,,,,17.25682836,39.14980784,42.60314072,48.67158546,55.55140114,61.13113174,62.39153144,62.21909899,63.35400176,69.45353396,72.40908746,71.08307006,71.80871537,73.82603773,76.76134903,80.12427931,82.14716835,90.15204448,96.88155213,97.25717704,99.95579013,100.2694702,104.8881607,102.2783432,101.928627,102.8383255,106.229805,105.3527908,99.87764505,100.8762535,
High income,HIC,"PPP conversion factor, GDP (LCU per international $)",PA.NUS.PPP,,,,,,,,,,,,,,,,,,,,,,,,,,,,,,,,,,,,,,,,,,,,,,,,,,,,,,,,,,,,,
"Hong Kong SAR, China",HKG,"PPP conversion factor, GDP (LCU per international $)",PA.NUS.PPP,,,,,,,,,,,,,,,,,,,,,,,,,,,,,,,5.749800253,6.070080489,6.522342946,6.920148316,7.203762154,7.34788941,7.640314175,7.943436324,7.950849133,7.516681032,7.102759242,6.827012471,6.492073325,5.990794077,5.624261474,5.446172305,5.257927568,5.281027496,5.246649806,5.187403226,5.141530699,5.232639313,5.454227924,5.547578812,5.706450462,5.831053257,5.932289124,6.011433125,6.083149626,6.107817358,
Honduras,HND,"PPP conversion factor, GDP (LCU per international $)",PA.NUS.PPP,,,,,,,,,,,,,,,,,,,,,,,,,,,,,,,1.967922925,2.403872228,2.436665303,2.639924513,3.13628126,3.800331477,4.410981314,5.046099954,5.50385057,5.836539122,6.260248087,6.621119111,6.852520333,7.115074042,7.375571442,7.67342852,7.846406083,8.147408173,8.614568416,9.203739724,9.523142113,10.05656147,10.37037945,10.3315506,10.39820099,10.4744339,10.39253521,10.36155891,10.30815878,10.5504896,
Heavily indebted poor countries (HIPC),HPC,"PPP conversion factor, GDP (LCU per international $)",PA.NUS.PPP,,,,,,,,,,,,,,,,,,,,,,,,,,,,,,,,,,,,,,,,,,,,,,,,,,,,,,,,,,,,,
Croatia,HRV,"PPP conversion factor, GDP (LCU per international $)",PA.NUS.PPP,,,,,,,,,,,,,,,,,,,,,,,,,,,,,,,,,,,,3.190855205,3.25931243,3.425086,3.654304757,3.746346477,3.785358442,3.872182504,3.879351185,3.988116664,4.011406378,4.093491541,3.919320307,3.870232327,3.872411412,3.839750119,3.870556917,3.752640642,3.664122983,3.575117049,3.543473744,3.512382554,3.382018415,3.314082511,3.200541578,3.177400526,
Haiti,HTI,"PPP conversion factor, GDP (LCU per international $)",PA.NUS.PPP,,,,,,,,,,,,,,,,,,,,,,,,,,,,,,,1.858773173,2.060658315,2.435990191,2.815951225,4.320557533,4.907365267,5.299909995,5.873152969,6.630017561,6.995203787,7.598739628,8.395954058,8.929557834,10.37469503,12.05073893,13.00725694,13.86472098,14.51102875,15.84494588,17.06250169,17.97635084,18.49496269,20.12858772,20.92994308,21.59558105,23.23226547,25.26046944,28.49839592,30.63224379,35.28715651,
Hungary,HUN,"PPP conversion factor, GDP (LCU per international $)",PA.NUS.PPP,,,,,,,,,,,,,,,,,,,,,,,,,,,,,,,,30.147606,35.815898,42.431642,49.641977,61.620581,74.039125,87.41276,97.826346,104.545883,110.038733,114.39074,118.141282,122.138071,128.488476,130.929945,131.666648,134.229736,131.005355,127.596365,126.314168,124.271836,125.623608,124.979432,129.414974,132.55351,132.033797,135.603512,135.049605,139.084533,
IBRD only,IBD,"PPP conversion factor, GDP (LCU per international $)",PA.NUS.PPP,,,,,,,,,,,,,,,,,,,,,,,,,,,,,,,,,,,,,,,,,,,,,,,,,,,,,,,,,,,,,
IDA & IBRD total,IBT,"PPP conversion factor, GDP (LCU per international $)",PA.NUS.PPP,,,,,,,,,,,,,,,,,,,,,,,,,,,,,,,,,,,,,,,,,,,,,,,,,,,,,,,,,,,,,
IDA total,IDA,"PPP conversion factor, GDP (LCU per international $)",PA.NUS.PPP,,,,,,,,,,,,,,,,,,,,,,,,,,,,,,,,,,,,,,,,,,,,,,,,,,,,,,,,,,,,,
IDA blend,IDB,"PPP conversion factor, GDP (LCU per international $)",PA.NUS.PPP,,,,,,,,,,,,,,,,,,,,,,,,,,,,,,,,,,,,,,,,,,,,,,,,,,,,,,,,,,,,,
Indonesia,IDN,"PPP conversion factor, GDP (LCU per international $)",PA.NUS.PPP,,,,,,,,,,,,,,,,,,,,,,,,,,,,,,,349.823539,368.0462787,386.074362,449.3707048,474.19058,510.3491466,544.656806,602.7341688,1044.661346,1175.624183,1385.047058,1549.071713,1614.862484,1672.418515,1767.828756,1960.133191,2170.579301,2351.780298,2725.605947,2928.815268,3336.993892,3512.753906,3569.892578,3765.671875,4030.774658,4353.327148,4518.104004,4695.658691,4759.089167,4743.337447,
IDA only,IDX,"PPP conversion factor, GDP (LCU per international $)",PA.NUS.PPP,,,,,,,,,,,,,,,,,,,,,,,,,,,,,,,,,,,,,,,,,,,,,,,,,,,,,,,,,,,,,
Isle of Man,IMN,"PPP conversion factor, GDP (LCU per international $)",PA.NUS.PPP,,,,,,,,,,,,,,,,,,,,,,,,,,,,,,,,,,,,,,,,,,,,,,,,,,,,,,,,,,,,,
India,IND,"PPP conversion factor, GDP (LCU per international $)",PA.NUS.PPP,,,,,,,,,,,,,,,,,,,,,,,,,,,,,,,5.489941701,6.040629222,6.435521203,6.906542969,7.437010705,7.944423679,8.392545136,8.784588472,9.382645139,9.532905379,9.664333239,9.761000821,9.966049461,10.16278357,10.46295985,10.71733841,11.27644703,11.74405267,12.57911691,13.36286094,14.59932114,15.5495491,16.16083527,17.34232521,18.386549,19.23500252,19.89872742,20.64779282,21.07502419,21.27550383,
Not classified,INX,"PPP conversion factor, GDP (LCU per international $)",PA.NUS.PPP,,,,,,,,,,,,,,,,,,,,,,,,,,,,,,,,,,,,,,,,,,,,,,,,,,,,,,,,,,,,,
Ireland,IRL,"PPP conversion factor, GDP (LCU per international $)",PA.NUS.PPP,,,,,,,,,,,,,,,,,,,,,,,,,,,,,,,0.785697,0.773686,0.77772,0.799042,0.795593,0.802896,0.809337,0.83474,0.863389,0.913882,0.943538,0.969212,0.981997,1.004971,0.991974,1.011707,0.979542,0.958956,0.944447,0.900621,0.848854,0.831513,0.823072,0.811228,0.819041,0.809686,0.794289,0.791876,0.76698,0.783487,
"Iran, Islamic Rep.",IRN,"PPP conversion factor, GDP (LCU per international $)",PA.NUS.PPP,,,,,,,,,,,,,,,,,,,,,,,,,,,,,,,93.37469936,113.7936857,144.5513383,206.402792,270.1456676,365.4016004,467.4700711,535.4923655,578.6560823,759.8342962,928.3890269,1059.662831,1348.311485,1496.306406,1816.438476,2116.807603,2354.248659,2818.576381,3301.775857,3427.479191,3926.103944,4758.869629,6093.5625,8503.84668,9758.553711,10701.56152,11796.81055,13061.29492,16945.48804,22758.12932,
Iraq,IRQ,"PPP conversion factor, GDP (LCU per international $)",PA.NUS.PPP,,,,,,,,,,,,,,,,,,,,,,,,,,,,,,,,0.88733101,1.774167121,3.71694989,18.066563,69.96235603,60.08598798,113.1134276,94.11350566,158.7809396,223.1451479,175.6092089,184.376739,195.1419599,221.8016419,284.5939882,325.9706831,365.1099636,466.2148935,372.3654216,428.957327,523.34021,525.737854,531.1281738,557.27948,560.5165405,570.4849854,560.7608032,631.5135581,619.4781285,
Iceland,ISL,"PPP conversion factor, GDP (LCU per international $)",PA.NUS.PPP,,,,,,,,,,,,,,,,,,,,,,,,,,,,,,,67.458914,70.710816,71.519962,71.144486,71.47048,72.101022,74.303174,73.690118,76.665861,79.246596,84.696713,88.28279,91.105413,92.703742,93.364105,95.840665,101.768885,107.491314,114.527003,121.886207,132.779525,135.152004,136.96767,137.022617,138.547869,141.974926,140.02995,137.837033,134.065521,136.49684,
Israel,ISR,"PPP conversion factor, GDP (LCU per international $)",PA.NUS.PPP,,,,,,,,,,,,,,,,,,,,,,,,,,,,,,,1.684587,1.957492,2.144654,2.32736,2.564403,2.739532,2.974476,3.166873,3.346806,3.504641,3.441656,3.42743,3.462676,3.628859,3.537657,3.716937,3.788173,3.725704,3.867205,3.96503,3.981341,3.944763,3.955358,3.839566,3.940387,3.923925,3.788511,3.739669,3.612219,3.622217,
Italy,ITA,"PPP conversion factor, GDP (LCU per international $)",PA.NUS.PPP,,,,,,,,,,,,,,,,,,,,,,,,,,,,,,,0.693124,0.72128,0.736014,0.746918,0.757208,0.778185,0.799648,0.804486,0.799865,0.806447,0.805011,0.816163,0.823489,0.834324,0.85257,0.855139,0.823944,0.810364,0.783694,0.770755,0.772539,0.758687,0.747731,0.737299,0.739644,0.738694,0.700544,0.687699,0.659106,0.649176,
Jamaica,JAM,"PPP conversion factor, GDP (LCU per international $)",PA.NUS.PPP,,,,,,,,,,,,,,,,,,,,,,,,,,,,,,,2.742597945,4.062396932,6.356429537,9.488228399,12.17967285,14.93420402,17.43339231,18.78459468,20.12343223,21.20896525,22.94152353,24.20180451,25.98917263,28.48124455,31.30084849,33.83666987,35.74877269,38.75476245,43.16517676,47.82775401,51.91952684,53.8049469,56.47526932,59.33433533,62.75979233,65.29521942,65.90369415,67.58184052,69.17240751,73.00588923,
Jordan,JOR,"PPP conversion factor, GDP (LCU per international $)",PA.NUS.PPP,,,,,,,,,,,,,,,,,,,,,,,,,,,,,,,0.176416665,0.179927749,0.187785883,0.188867871,0.197659263,0.197198312,0.197644532,0.196699377,0.20618083,0.202465914,0.197230593,0.194501326,0.193239757,0.193792048,0.194546281,0.19245518,0.20670033,0.211458744,0.256396569,0.262501614,0.280437269,0.290935189,0.302131802,0.308029383,0.319498181,0.312373638,0.313839644,0.30033043,0.298205185,0.297411509,
Japan,JPN,"PPP conversion factor, GDP (LCU per international $)",PA.NUS.PPP,,,,,,,,,,,,,,,,,,,,,,,,,,,,,,,187.710514,186.886354,185.767602,182.499528,179.158384,174.542779,170.553311,168.506941,166.556261,162.03574,154.717851,149.724877,143.774205,139.516091,134.363066,129.551955,124.536829,120.394201,116.845814,115.150066,111.666587,107.454281,104.273972,101.302673,103.052076,103.469437,105.519502,104.777319,101.004517,100.641115,
Kazakhstan,KAZ,"PPP conversion factor, GDP (LCU per international $)",PA.NUS.PPP,,,,,,,,,,,,,,,,,,,,,,,,,,,,,,,0.000685597,0.001302177,0.020016874,0.262695039,4.235427238,10.8228138,14.76254175,16.8539575,17.61016494,19.66489713,22.58685786,24.34684696,25.35863553,27.81874464,31.45940679,35.96250996,42.42905538,47.73476711,56.62729932,58.83520393,69.52283222,82.09009552,83.83247375,86.23508453,92.81367493,100.3498001,110.8245392,121.2534637,129.266642,136.4835,
Kenya,KEN,"PPP conversion factor, GDP (LCU per international $)",PA.NUS.PPP,,,,,,,,,,,,,,,,,,,,,,,,,,,,,,,8.36304874,9.103253045,10.58235393,12.99399428,14.88720797,16.21765526,17.37790157,19.03683278,20.12978744,20.6755048,21.45296854,21.32275092,21.18661399,22.08939376,23.04329545,23.44212746,24.52531877,25.82535984,29.17079491,32.31910421,32.61506779,35.39612198,37.97868347,37.66785431,38.28925705,39.04047775,39.38495636,40.18493652,40.17962833,40.97544494,
Kyrgyz Republic,KGZ,"PPP conversion factor, GDP (LCU per international $)",PA.NUS.PPP,,,,,,,,,,,,,,,,,,,,,,,,,,,,,,,0.003827767,0.008692548,0.079049055,0.659785067,1.814425978,2.524122391,3.354793342,3.93473851,4.244145919,5.755758161,7.159082656,7.519129838,7.551960328,7.70895507,7.89035691,8.197483756,8.703960445,9.737240238,11.67340137,12.05257577,13.10916498,15.727808,15.30343342,15.36494255,16.03636551,17.14597321,16.73733521,16.95872307,17.12617187,16.65858713,
Cambodia,KHM,"PPP conversion factor, GDP (LCU per international $)",PA.NUS.PPP,,,,,,,,,,,,,,,,,,,,,,,,,,,,,,,,,,604.6795152,947.0541672,1001.850965,1013.671478,1056.327994,1152.765067,1150.69404,1077.323904,1082.100653,1072.847652,1072.220129,1094.475613,1125.911875,1143.450921,1186.118971,1306.058893,1328.638755,1354.318952,1371.235352,1336.790283,1340.067627,1386.035767,1395.920044,1402.130615,1428.353516,1437.777049,1456.019383,
Kiribati,KIR,"PPP conversion factor, GDP (LCU per international $)",PA.NUS.PPP,,,,,,,,,,,,,,,,,,,,,,,,,,,,,,,0.558417054,0.646062344,0.667235089,0.68593792,0.717623684,0.712257168,0.769241637,0.796308895,0.844557499,0.869936433,0.868222778,0.906868195,0.936912443,0.944107431,0.935055711,0.911452648,0.882419897,0.912177317,0.969189885,0.963492403,0.963619596,0.961621382,0.939796579,0.924841984,0.950775679,0.973754755,0.96545082,0.95672896,0.983676283,1.003532024,
St. Kitts and Nevis,KNA,"PPP conversion factor, GDP (LCU per international $)",PA.NUS.PPP,,,,,,,,,,,,,,,,,,,,,,,,,,,,,,,1.432696714,1.433493055,1.475797616,1.470342014,1.529894552,1.51021472,1.492637278,1.539456461,1.564950204,1.585563726,1.578929416,1.605852894,1.635798224,1.632783743,1.651019799,1.575146208,1.745495854,1.807347795,1.820737628,1.874742979,1.895193754,1.961193919,2.016147375,2.03364706,2.034985542,2.034913301,2.037616491,2.039764404,1.961619701,1.949585919,
"Korea, Rep.",KOR,"PPP conversion factor, GDP (LCU per international $)",PA.NUS.PPP,,,,,,,,,,,,,,,,,,,,,,,,,,,,,,,560.104722,591.307505,623.099327,646.747942,684.890835,717.947266,734.019605,750.463803,775.327404,754.89297,747.714956,757.117476,769.77179,791.696603,795.055445,788.920135,772.480419,770.471026,785.717886,827.817613,840.683012,854.585723,854.887268,869.081422,871.878106,857.483387,858.809687,869.372342,842.106508,843.244508,
Kuwait,KWT,"PPP conversion factor, GDP (LCU per international $)",PA.NUS.PPP,,,,,,,,,,,,,,,,,,,,,,,,,,,,,,,,,0.098457588,0.089074668,0.082092574,0.084306709,0.095631832,0.08957778,0.073383766,0.085425048,0.100704506,0.090936786,0.094129568,0.096960702,0.105155358,0.12418059,0.140030872,0.142241505,0.165567451,0.136107636,0.149478347,0.171689406,0.175966188,0.179435596,0.178934097,0.190294787,0.186951458,0.177483991,0.198542836,0.186619051,
Latin America & Caribbean (excluding high income),LAC,"PPP conversion factor, GDP (LCU per international $)",PA.NUS.PPP,,,,,,,,,,,,,,,,,,,,,,,,,,,,,,,,,,,,,,,,,,,,,,,,,,,,,,,,,,,,,
Lao PDR,LAO,"PPP conversion factor, GDP (LCU per international $)",PA.NUS.PPP,,,,,,,,,,,,,,,,,,,,,,,,,,,,,,,140.2417818,153.2510342,158.8173562,172.4904508,181.889219,213.2238307,238.1290379,279.3958375,509.7603217,1145.580887,1398.398633,1489.733465,1559.198917,1736.661121,1871.921539,1972.227836,2121.139042,2219.298873,2369.907511,2283.015512,2464.259855,2666.534912,2615.523438,2712.929932,2738.37085,2819.729004,2759.425537,2789.108643,2775.056021,2788.152755,
Lebanon,LBN,"PPP conversion factor, GDP (LCU per international $)",PA.NUS.PPP,,,,,,,,,,,,,,,,,,,,,,,,,,,,,,,183.3363027,261.8512578,505.463882,615.937612,650.5432349,705.2273555,704.5838335,772.6175412,794.7159919,789.7730731,756.3741929,728.8515262,752.811978,750.773262,722.0642512,692.8136868,678.3862026,681.3369151,718.6845973,786.601354,782.0399575,788.7518065,808.9203021,798.5260277,771.1148519,764.8214421,742.6861057,734.7758799,756.4499776,775.5610925,
Liberia,LBR,"PPP conversion factor, GDP (LCU per international $)",PA.NUS.PPP,,,,,,,,,,,,,,,,,,,,,,,,,,,,,,,,,,,,,,,,,0.308871284,0.30441806,0.295504166,0.335117812,0.381346252,0.371638563,0.393673941,0.429448094,0.494242105,0.477147142,0.502365158,0.545838708,0.560399265,0.539034882,0.521862499,0.549791635,0.518197656,0.460993551,0.441692045,0.417096856,
Libya,LBY,"PPP conversion factor, GDP (LCU per international $)",PA.NUS.PPP,,,,,,,,,,,,,,,,,,,,,,,,,,,,,,,,,,,,,,,,0.182948587,0.202760753,0.212664313,0.266395723,0.299102462,0.357101695,0.445251105,0.473059237,0.511452137,0.611211003,0.453042638,0.511241074,0.592176242,0.676705556,0.663322637,0.575297949,0.490304619,0.505056908,0.606110228,0.698933462,0.678052446,
St. Lucia,LCA,"PPP conversion factor, GDP (LCU per international $)",PA.NUS.PPP,,,,,,,,,,,,,,,,,,,,,,,,,,,,,,,1.629377316,1.662483858,1.653808476,1.631757582,1.638840493,1.686487331,1.649487024,1.668123393,1.689645455,1.704448098,1.733931424,1.681238811,1.661873743,1.716815721,1.683645776,1.745397626,1.781811402,1.797508381,1.80786975,1.799905091,1.857602447,1.829693198,1.875663161,1.87722981,1.931427956,2.011074781,1.957611918,1.995760322,1.96161158,1.943343427,
Latin America & Caribbean,LCN,"PPP conversion factor, GDP (LCU per international $)",PA.NUS.PPP,,,,,,,,,,,,,,,,,,,,,,,,,,,,,,,,,,,,,,,,,,,,,,,,,,,,,,,,,,,,,
Least developed countries: UN classification,LDC,"PPP conversion factor, GDP (LCU per international $)",PA.NUS.PPP,,,,,,,,,,,,,,,,,,,,,,,,,,,,,,,,,,,,,,,,,,,,,,,,,,,,,,,,,,,,,
Low income,LIC,"PPP conversion factor, GDP (LCU per international $)",PA.NUS.PPP,,,,,,,,,,,,,,,,,,,,,,,,,,,,,,,,,,,,,,,,,,,,,,,,,,,,,,,,,,,,,
Liechtenstein,LIE,"PPP conversion factor, GDP (LCU per international $)",PA.NUS.PPP,,,,,,,,,,,,,,,,,,,,,,,,,,,,,,,,,,,,,,,,,,,,,,,,,,,,,,,,,,,,,
Sri Lanka,LKA,"PPP conversion factor, GDP (LCU per international $)",PA.NUS.PPP,,,,,,,,,,,,,,,,,,,,,,,,,,,,,,,9.960659215,10.65843957,11.40091158,12.23787312,13.15272441,14.0811228,15.32375928,16.40837879,17.72082162,18.19577522,19.09313785,19.64536357,20.90819298,22.32282451,23.65083556,25.32605934,27.35428973,30.37569475,34.66093839,36.42130309,38.62954401,39.28888702,41.44745636,42.93896866,44.29830933,45.18318939,46.2829628,49.39013672,50.30729347,50.43034909,
Lower middle income,LMC,"PPP conversion factor, GDP (LCU per international $)",PA.NUS.PPP,,,,,,,,,,,,,,,,,,,,,,,,,,,,,,,,,,,,,,,,,,,,,,,,,,,,,,,,,,,,,
Low & middle income,LMY,"PPP conversion factor, GDP (LCU per international $)",PA.NUS.PPP,,,,,,,,,,,,,,,,,,,,,,,,,,,,,,,,,,,,,,,,,,,,,,,,,,,,,,,,,,,,,
Lesotho,LSO,"PPP conversion factor, GDP (LCU per international $)",PA.NUS.PPP,,,,,,,,,,,,,,,,,,,,,,,,,,,,,,,1.11370582,1.269323221,1.414029621,1.537361901,1.622124707,1.792440173,1.865858778,1.99965756,2.173603907,2.316893736,2.409010289,2.627759412,2.954352563,2.971225222,3.171101721,3.257453303,3.456163827,3.184861929,3.51644263,3.533337314,3.829921807,4.080752373,4.373357773,4.393080235,4.623232841,4.751587391,5.01154089,5.505852699,5.743312789,5.721841553,
Late-demographic dividend,LTE,"PPP conversion factor, GDP (LCU per international $)",PA.NUS.PPP,,,,,,,,,,,,,,,,,,,,,,,,,,,,,,,,,,,,,,,,,,,,,,,,,,,,,,,,,,,,,
Lithuania,LTU,"PPP conversion factor, GDP (LCU per international $)",PA.NUS.PPP,,,,,,,,,,,,,,,,,,,,,,,,,,,,,,,,,,,,0.361475,0.423296,0.463964,0.47262,0.461162,0.451527,0.432687,0.42073,0.404409,0.414384,0.435163,0.44685,0.470767,0.492829,0.469048,0.450033,0.451921,0.452657,0.443347,0.44262,0.445858,0.43844,0.44131,0.433085,0.437569,
Luxembourg,LUX,"PPP conversion factor, GDP (LCU per international $)",PA.NUS.PPP,,,,,,,,,,,,,,,,,,,,,,,,,,,,,,,0.96832,0.953719,0.967241,1.001289,1.015082,0.974946,0.977094,0.973888,0.964435,0.95763,0.955437,0.963233,0.956996,0.96571,0.951997,0.946363,0.917918,0.922537,0.900045,0.902341,0.924932,0.905099,0.90679,0.895254,0.884138,0.881261,0.851894,0.84561,0.820934,0.822397,
Latvia,LVA,"PPP conversion factor, GDP (LCU per international $)",PA.NUS.PPP,,,,,,,,,,,,,,,,,,,,,,,,,,,,,,,,,,,0.243,0.296771,0.328835,0.342004,0.353102,0.354315,0.360698,0.353274,0.360954,0.378618,0.399667,0.438594,0.489546,0.566495,0.575542,0.520747,0.486634,0.498506,0.506203,0.499271,0.497558,0.497569,0.484535,0.482995,0.475959,0.482306,
"Macao SAR, China",MAC,"PPP conversion factor, GDP (LCU per international $)",PA.NUS.PPP,,,,,,,,,,,,,,,,,,,,,,,,,,,,,,,2.774670766,2.99626444,3.364007273,3.599990337,3.762333806,3.986941522,4.00212962,3.998924681,3.876068907,3.773266274,3.629185009,3.501497384,3.401428812,3.342109938,3.316929179,3.395782801,3.553317084,3.765606845,4.066470928,4.071089953,4.216529789,4.439786911,4.565290928,4.643870831,4.860661983,5.137023449,5.117854118,5.154916286,5.210060741,5.242907596,
St. Martin (French part),MAF,"PPP conversion factor, GDP (LCU per international $)",PA.NUS.PPP,,,,,,,,,,,,,,,,,,,,,,,,,,,,,,,,,,,,,,,,,,,,,,,,,,,,,,,,,,,,,
Morocco,MAR,"PPP conversion factor, GDP (LCU per international $)",PA.NUS.PPP,,,,,,,,,,,,,,,,,,,,,,,,,,,,,,,3.899568454,3.975557844,4.06530698,4.091743462,4.032450219,4.247372334,4.189164265,4.147529783,4.117417574,4.081933083,3.963040617,3.903276765,3.888935852,3.858601967,3.80325516,3.732276205,3.678727177,3.711283995,3.805403499,3.7821608,3.775071342,3.67227602,3.749628782,3.793989658,4.033862591,3.996445417,3.994036913,4.023440361,3.97055826,3.947023645,
Monaco,MCO,"PPP conversion factor, GDP (LCU per international $)",PA.NUS.PPP,,,,,,,,,,,,,,,,,,,,,,,,,,,,,,,,,,,,,,,,,,,,,,,,,,,,,,,,,,,,,
Moldova,MDA,"PPP conversion factor, GDP (LCU per international $)",PA.NUS.PPP,,,,,,,,,,,,,,,,,,,,,,,,,,,,,,,,,,,,0.6888285,0.864845273,0.956482854,1.035329831,1.42660393,1.77675801,1.948809073,2.106998651,2.376098084,2.49861119,2.649552972,2.916805236,3.292388723,3.528118772,3.577385293,4.713902243,4.995654106,5.009827614,4.988722324,5.293014526,5.556087017,5.408738136,5.572401524,5.612875433,5.808303091,
Madagascar,MDG,"PPP conversion factor, GDP (LCU per international $)",PA.NUS.PPP,,,,,,,,,,,,,,,,,,,,,,,,,,,,,,,83.50309154,87.66963541,98.20277003,105.5132404,143.5889333,209.6043247,246.5101731,253.2168952,265.9482851,281.0104487,306.6688459,323.8443649,371.3992541,358.4144946,397.7264709,456.5432049,490.8391914,527.1751668,555.8294107,589.8470627,642.6325683,694.8626709,742.8981934,777.6588135,823.9561157,886.0913086,941.0108643,1013.434631,1064.351136,1101.037818,
Maldives,MDV,"PPP conversion factor, GDP (LCU per international $)",PA.NUS.PPP,,,,,,,,,,,,,,,,,,,,,,,,,,,,,,,,,,,,3.06955914,3.154723966,3.228410292,3.156148438,3.196890071,3.190540349,4.710965046,4.6606828,4.597029807,4.922822692,5.211333166,5.43084293,5.823893314,6.34403621,7.006661709,7.125536826,7.861625671,8.154155731,8.246445656,8.173717499,8.277911186,8.128860474,8.160779953,8.215060591,8.014369607,
Middle East & North Africa,MEA,"PPP conversion factor, GDP (LCU per international $)",PA.NUS.PPP,,,,,,,,,,,,,,,,,,,,,,,,,,,,,,,,,,,,,,,,,,,,,,,,,,,,,,,,,,,,,
Mexico,MEX,"PPP conversion factor, GDP (LCU per international $)",PA.NUS.PPP,,,,,,,,,,,,,,,,,,,,,,,,,,,,,,,1.346927,1.605792,1.796268,2.057499,2.191969,2.972768,3.694261,4.312385,4.922369,5.63367,6.103027,6.332835,6.553697,6.648073,6.989209,7.126862,7.157871,7.374153,7.469532,7.428654,7.676843,7.673013,7.858708,7.884359,8.045318,8.327595,8.446043,8.88443,9.16075,9.148021,
Marshall Islands,MHL,"PPP conversion factor, GDP (LCU per international $)",PA.NUS.PPP,,,,,,,,,,,,,,,,,,,,,,,,,,,,,,,0.830691845,0.844050808,0.850116702,0.85563459,0.859733766,0.865715175,0.873918466,0.917031851,0.927314938,0.942612827,0.917809484,0.895215061,0.91114552,0.906880529,0.890832043,0.895854623,0.885384951,0.887496336,0.9290674,0.900824189,0.884584747,0.938595164,0.989515917,0.962370584,0.938521828,0.913854045,0.970009338,0.971174976,0.951004764,,
Middle income,MIC,"PPP conversion factor, GDP (LCU per international $)",PA.NUS.PPP,,,,,,,,,,,,,,,,,,,,,,,,,,,,,,,,,,,,,,,,,,,,,,,,,,,,,,,,,,,,,
North Macedonia,MKD,"PPP conversion factor, GDP (LCU per international $)",PA.NUS.PPP,,,,,,,,,,,,,,,,,,,,,,,,,,,,,,,0.048224396,0.090458307,1.213137765,6.424560906,15.84421658,18.17122926,18.35570384,18.75356763,18.75229862,19.03926336,19.9377273,20.49291696,20.0150811,20.1212166,19.27775961,19.29347025,18.91074058,19.53732323,19.26390602,18.35064847,18.71600569,19.28954254,19.00345724,19.10537669,18.99582279,19.44064641,18.95864291,18.90977418,18.44874727,18.27412591,
Mali,MLI,"PPP conversion factor, GDP (LCU per international $)",PA.NUS.PPP,,,,,,,,,,,,,,,,,,,,,,,,,,,,,,,129.0997433,117.6138163,115.8428153,116.822585,159.6316078,181.0709899,174.8774217,181.5060538,182.6081953,174.2220652,169.3564425,173.4745161,176.772351,160.3695411,161.7850416,168.6677823,171.3210354,174.4388729,183.5611799,190.617777,196.6468144,216.0901642,225.3787079,219.3123932,218.6827087,218.5709686,211.3566742,214.5086823,212.4605972,212.4378274,
Malta,MLT,"PPP conversion factor, GDP (LCU per international $)",PA.NUS.PPP,,,,,,,,,,,,,,,,,,,,,,,,,,,,,,,0.570627507,0.570457051,0.577571164,0.580308824,0.588413092,0.580833039,0.57767735,0.575360948,0.580734892,0.583357983,0.579804547,0.588850826,0.581837108,0.57448863,0.566726901,0.572728836,0.572379323,0.56880074,0.571554045,0.569037218,0.572039961,0.574149665,0.579727114,0.57747751,0.586357807,0.59970095,0.583018318,0.584557359,0.566038331,0.559893955,
Myanmar,MMR,"PPP conversion factor, GDP (LCU per international $)",PA.NUS.PPP,,,,,,,,,,,,,,,,,,,,,,,,,,,,,,,8.642233348,10.34482715,12.31373912,16.38909556,19.58952204,22.9480517,27.72701729,36.4682918,48.98184413,59.21660229,59.34767902,72.50201467,100.9992549,119.4817177,120.5392355,139.2997025,164.0080158,197.4810291,220.0941734,229.0852547,242.3956974,261.7839355,267.4961548,278.5593872,294.0066223,318.9785461,347.0705872,366.7132568,380.4215676,401.7066126,
Middle East & North Africa (excluding high income),MNA,"PPP conversion factor, GDP (LCU per international $)",PA.NUS.PPP,,,,,,,,,,,,,,,,,,,,,,,,,,,,,,,,,,,,,,,,,,,,,,,,,,,,,,,,,,,,,
Montenegro,MNE,"PPP conversion factor, GDP (LCU per international $)",PA.NUS.PPP,,,,,,,,,,,,,,,,,,,,,,,,,,,,,,,,,,,,,,,,,0.29338996,0.314808195,0.314172138,0.336334574,0.347430908,0.355410341,0.337749214,0.350873892,0.36405422,0.371568472,0.369701576,0.363802524,0.369767596,0.364005136,0.361784663,0.359639702,0.349142444,0.349837428,0.337164471,0.331071342,
Mongolia,MNG,"PPP conversion factor, GDP (LCU per international $)",PA.NUS.PPP,,,,,,,,,,,,,,,,,,,,,,,,,,,,,,,1.751708899,3.275629017,8.765337405,35.86794308,57.70574839,90.58694713,98.57230793,117.9019404,114.3374232,124.974951,136.9109502,147.9705289,154.9449274,167.6917843,190.5519505,221.9367168,262.7811407,285.6650631,340.3170443,343.9118166,473.1370031,533.5269775,577.6601563,630.6798096,683.7674561,717.0722656,729.2227783,791.4360352,837.6062244,898.7326336,
Northern Mariana Islands,MNP,"PPP conversion factor, GDP (LCU per international $)",PA.NUS.PPP,,,,,,,,,,,,,,,,,,,,,,,,,,,,,,,,,,,,,,,,,,,,,,,,,,,,,,,,,,,,,
Mozambique,MOZ,"PPP conversion factor, GDP (LCU per international $)",PA.NUS.PPP,,,,,,,,,,,,,,,,,,,,,,,,,,,,,,,0.814708913,1.269245573,1.685016828,2.368906933,3.476735763,5.160547547,7.585153902,8.2539485,8.648074802,9.322368484,10.1669328,11.51783641,12.4770014,12.78181142,13.25795557,13.78208018,14.43059792,15.11270771,15.60739347,15.65473846,16.71216255,16.89354134,18.01926422,18.42557335,18.55117989,18.26424789,19.83352852,22.85555267,22.98165308,23.54719509,
Mauritania,MRT,"PPP conversion factor, GDP (LCU per international $)",PA.NUS.PPP,,,,,,,,,,,,,,,,,,,,,,,,,,,,,,,2.805048956,3.003903425,3.105611789,3.395139376,3.692891434,3.719841655,3.720792616,4.099464305,4.80183595,4.959495169,5.159169885,5.342589346,5.612555727,5.757385638,6.219655698,6.911518775,7.653805416,8.116621151,8.814961404,8.716868975,10.541657,11.96817093,12.1540863,12.04170609,11.8206459,11.78108215,11.52193298,11.12575836,11.05758599,11.35424998,
Mauritius,MUS,"PPP conversion factor, GDP (LCU per international $)",PA.NUS.PPP,,,,,,,,,,,,,,,,,,,,,,,,,,,,,,,7.530654036,7.908165425,8.146038498,8.69120208,9.067326027,9.360968224,9.836321139,10.16473665,10.75155522,11.29505954,11.42481429,11.87631211,12.41850243,12.87766818,13.3984868,13.50674509,14.55776342,15.35479567,15.91834299,15.6945576,15.68853334,15.85335922,16.4589386,16.56019211,16.81788445,16.8821373,16.62236023,16.88220215,16.71925224,16.48618456,
Malawi,MWI,"PPP conversion factor, GDP (LCU per international $)",PA.NUS.PPP,,,,,,,,,,,,,,,,,,,,,,,,,,,,,,,1.462110754,1.633497041,1.809138382,2.265188428,2.798276991,4.857246562,7.266745481,8.63191238,10.2044671,14.05181886,17.94132078,22.0545791,35.20782779,38.14212723,42.65654219,45.81138386,53.34435241,54.07861971,59.39366161,63.60079482,70.49236468,78.76928711,94.33124542,114.5412445,146.2037048,186.6148834,221.1973419,251.074234,261.4500509,277.412808,
Malaysia,MYS,"PPP conversion factor, GDP (LCU per international $)",PA.NUS.PPP,,,,,,,,,,,,,,,,,,,,,,,,,,,,,,,0.968653348,0.970554858,0.971839083,0.987196575,1.004613504,1.019733242,1.038247802,1.056190368,1.133198649,1.117578088,1.189941219,1.145981599,1.163435236,1.179904239,1.218016433,1.285908872,1.29782518,1.325567776,1.435360049,1.339141437,1.419909282,1.466134429,1.453631401,1.47225976,1.505472064,1.567630649,1.594258189,1.654786944,1.626314592,1.596348806,
North America,NAC,"PPP conversion factor, GDP (LCU per international $)",PA.NUS.PPP,,,,,,,,,,,,,,,,,,,,,,,,,,,,,,,,,,,,,,,,,,,,,,,,,,,,,,,,,,,,,
Namibia,NAM,"PPP conversion factor, GDP (LCU per international $)",PA.NUS.PPP,,,,,,,,,,,,,,,,,,,,,,,,,,,,,,,1.443738223,1.480245444,1.587762994,1.696862945,1.921755111,2.006207948,2.264675918,2.380805995,2.550456654,2.682592023,2.891303393,3.145470232,3.4089924,3.384919993,3.376362715,3.454911286,3.669109022,3.935938899,4.282000454,4.545498879,4.653284436,4.731508255,5.212440014,5.400163174,5.666217804,5.932094574,6.414111137,7.020597935,7.148275761,7.117431515,
New Caledonia,NCL,"PPP conversion factor, GDP (LCU per international $)",PA.NUS.PPP,,,,,,,,,,,,,,,,,,,,,,,,,,,,,,,,,,,,,,,,,,,,,,,,,,,,,,,,,,,,,
Niger,NER,"PPP conversion factor, GDP (LCU per international $)",PA.NUS.PPP,,,,,,,,,,,,,,,,,,,,,,,,,,,,,,,155.9893959,146.9022416,136.157573,127.8605164,152.996859,156.2226755,164.1044602,172.6017913,181.054998,179.1558893,180.8082467,185.7960013,187.6077258,183.8400357,179.7131314,189.2463804,186.4359469,194.3344473,209.9352904,217.07682,222.033091,226.1277771,233.4267731,242.0844727,243.9996948,249.9211121,257.0189514,258.460083,258.4514996,253.7996954,
Nigeria,NGA,"PPP conversion factor, GDP (LCU per international $)",PA.NUS.PPP,,,,,,,,,,,,,,,,,,,,,,,,,,,,,,,2.347280463,2.69880236,3.872309641,5.357762516,7.516968503,12.91410013,16.04146189,16.56673794,17.36682313,19.41891576,23.30102136,25.09842819,29.92315455,32.25785837,37.92318984,44.08106475,52.99694213,55.27474855,58.51508003,58.4707992,73.25853784,78.7765274,86.8260498,90.26118469,92.7820282,96.83239746,105.3739166,115.977829,124.8004623,135.1364391,
Nicaragua,NIC,"PPP conversion factor, GDP (LCU per international $)",PA.NUS.PPP,,,,,,,,,,,,,,,,,,,,,,,,,,,,,,,0.062762182,1.840513792,2.225363134,2.617143382,2.761763571,3.067321282,3.301540867,3.562926526,4.017533083,4.325744771,4.593608997,4.820521088,4.899609656,5.066717855,5.380448459,5.732769898,6.002180913,6.410682148,7.307030157,7.689544634,8.067481559,8.709558487,9.361681938,9.714930534,10.15969181,10.55416775,10.59366035,10.80687046,10.92880905,11.22106651,
Netherlands,NLD,"PPP conversion factor, GDP (LCU per international $)",PA.NUS.PPP,,,,,,,,,,,,,,,,,,,,,,,,,,,,,,,0.919695,0.917341,0.919286,0.912355,0.911706,0.911419,0.90738,0.908977,0.905982,0.906357,0.890163,0.904694,0.900863,0.926458,0.908546,0.897139,0.873084,0.861245,0.847775,0.84772,0.853394,0.836065,0.824408,0.798166,0.808798,0.809978,0.795448,0.77966,0.752016,0.762769,
Norway,NOR,"PPP conversion factor, GDP (LCU per international $)",PA.NUS.PPP,,,,,,,,,,,,,,,,,,,,,,,,,,,,,,,9.599692,9.491041,9.220206,9.213305,9.006615,9.091711,8.995578,9.059569,9.312731,9.283739,9.082606,9.173071,9.05673,9.206974,9.133219,9.005204,8.791878,8.933784,8.859281,9.077231,9.144245,9.082736,9.037085,9.029349,9.278458,9.932516,10.0419,9.718796,9.303837,9.480528,
Nepal,NPL,"PPP conversion factor, GDP (LCU per international $)",PA.NUS.PPP,,,,,,,,,,,,,,,,,,,,,,,,,,,,,,,7.810777833,8.503058974,9.850708962,10.65955908,10.93932594,11.38977339,12.05997751,12.71851751,13.09360403,14.05432204,14.36183708,14.53315886,14.86981281,15.04692567,15.2629343,15.70764864,16.36839657,17.15217773,17.77044657,20.44159143,23.26674955,25.25461197,26.00444031,26.79986954,28.1527462,29.9425354,31.99880981,31.23498344,32.53536374,33.88459499,
Nauru,NRU,"PPP conversion factor, GDP (LCU per international $)",PA.NUS.PPP,,,,,,,,,,,,,,,,,,,,,,,,,,,,,,,,,,,,,,,,,,,,,1.035121412,0.936928535,0.796195973,0.74738647,0.868720073,1.129002668,0.903958777,0.998753796,1.234576032,0.948684768,0.873957278,0.763090017,0.961349254,1.057900568,1.071867737,1.086278424,
New Zealand,NZL,"PPP conversion factor, GDP (LCU per international $)",PA.NUS.PPP,,,,,,,,,,,,,,,,,,,,,,,,,,,,,,,1.53859,1.492342,1.486938,1.483369,1.46415,1.462862,1.467213,1.448473,1.447791,1.43466,1.443906,1.474387,1.468962,1.49747,1.507677,1.535,1.481508,1.505519,1.490709,1.470995,1.496126,1.485915,1.495622,1.445979,1.44073,1.478014,1.441008,1.426552,1.389902,1.407576,
OECD members,OED,"PPP conversion factor, GDP (LCU per international $)",PA.NUS.PPP,,,,,,,,,,,,,,,,,,,,,,,,,,,,,,,,,,,,,,,,,,,,,,,,,,,,,,,,,,,,,
Oman,OMN,"PPP conversion factor, GDP (LCU per international $)",PA.NUS.PPP,,,,,,,,,,,,,,,,,,,,,,,,,,,,,,,0.107064284,0.094761267,0.093829365,0.086717959,0.084522459,0.084240434,0.088860433,0.085401538,0.073174786,0.08009561,0.09198298,0.085902028,0.088542133,0.095921896,0.10555748,0.125365506,0.138268698,0.145779339,0.191261184,0.14211738,0.162444947,0.184847802,0.188951403,0.190663323,0.199446067,0.198082402,0.194321051,0.200041279,0.216882202,0.206942463,
Other small states,OSS,"PPP conversion factor, GDP (LCU per international $)",PA.NUS.PPP,,,,,,,,,,,,,,,,,,,,,,,,,,,,,,,,,,,,,,,,,,,,,,,,,,,,,,,,,,,,,
Pakistan,PAK,"PPP conversion factor, GDP (LCU per international $)",PA.NUS.PPP,,,,,,,,,,,,,,,,,,,,,,,,,,,,,,,5.440944448,5.973064861,6.435737013,6.842446317,7.572213259,8.381349249,8.919845623,9.9421922,10.5714613,11.03191149,11.19221527,11.53361189,11.77741108,11.93946316,12.47874456,13.05053209,13.99222107,14.61739589,16.23174938,19.43810008,21.29899384,24.96168137,26.63530922,28.52172089,30.40348053,31.46785736,32.3776474,33.58892059,33.59655552,35.79767704,
Panama,PAN,"PPP conversion factor, GDP (LCU per international $)",PA.NUS.PPP,,,,,,,,,,,,,,,,,,,,,,,,,,,,,,,0.516122373,0.501699553,0.515346589,0.521314242,0.529196922,0.520747525,0.506564727,0.505989304,0.50534884,0.502352845,0.485235257,0.479702597,0.480125589,0.476704698,0.473328948,0.467055742,0.462267508,0.471895216,0.497735496,0.5259343,0.533343038,0.552960157,0.574011803,0.571320415,0.558843911,0.538338184,0.51544106,0.497470468,0.49024713,0.478862212,
Peru,PER,"PPP conversion factor, GDP (LCU per international $)",PA.NUS.PPP,,,,,,,,,,,,,,,,,,,,,,,,,,,,,,,0.073687446,0.34073313,0.563876766,0.806325113,1.000161861,1.112641602,1.198486786,1.263978224,1.317044037,1.336398326,1.353251045,1.330234008,1.310948097,1.310261194,1.356025905,1.361138606,1.42230878,1.40574847,1.394139903,1.412145255,1.475594664,1.542905331,1.599306464,1.616158843,1.645859241,1.714085579,1.743263602,1.749454975,1.742285944,1.735681745,
Philippines,PHL,"PPP conversion factor, GDP (LCU per international $)",PA.NUS.PPP,,,,,,,,,,,,,,,,,,,,,,,,,,,,,,,7.23534413,8.155327513,8.606135829,8.98132781,9.672143628,10.18883203,10.77216072,11.24869082,12.28673068,12.90943204,13.78370189,14.24571988,14.61725897,14.8088467,15.2700967,15.68414381,16.00161092,16.07609939,16.90148125,17.2329124,17.77897349,18.09765434,18.06898308,18.42586708,18.8760128,19.00100899,18.94860458,19.38501167,19.63190429,19.40498688,
Palau,PLW,"PPP conversion factor, GDP (LCU per international $)",PA.NUS.PPP,,,,,,,,,,,,,,,,,,,,,,,,,,,,,,,,,,,,,,,,,0.777543366,0.766662463,0.757792424,0.72561287,0.722987814,0.777602196,0.765513471,0.755465459,0.784100179,0.787859307,0.77055862,0.749237503,0.779911158,0.825901208,0.833795473,0.890509633,0.928065725,0.900507626,0.828057941,0.811770038,
Papua New Guinea,PNG,"PPP conversion factor, GDP (LCU per international $)",PA.NUS.PPP,,,,,,,,,,,,,,,,,,,,,,,,,,,,,,,0.726372281,0.751758338,0.756146873,0.72021112,0.756298826,0.85818751,0.8580261,0.914555961,1.035908285,1.134196311,1.254753754,1.312712971,1.451098126,1.503556865,1.434968037,1.561152292,1.658189831,1.676937808,1.772631353,1.673382153,1.818148171,1.859033404,1.813567687,1.846219589,1.911250953,1.868263934,1.895678572,2.003889959,2.147900305,2.107461251,
Poland,POL,"PPP conversion factor, GDP (LCU per international $)",PA.NUS.PPP,,,,,,,,,,,,,,,,,,,,,,,,,,,,,,,0.266545,0.40029,0.542539,0.692384,0.930321,1.166157,1.354124,1.513514,1.655067,1.737656,1.832369,1.836811,1.799795,1.806327,1.831563,1.867595,1.852931,1.856189,1.842243,1.867782,1.803438,1.801424,1.796168,1.762045,1.767142,1.765116,1.732843,1.737332,1.693585,1.713336,
Pre-demographic dividend,PRE,"PPP conversion factor, GDP (LCU per international $)",PA.NUS.PPP,,,,,,,,,,,,,,,,,,,,,,,,,,,,,,,,,,,,,,,,,,,,,,,,,,,,,,,,,,,,,
Puerto Rico,PRI,"PPP conversion factor, GDP (LCU per international $)",PA.NUS.PPP,,,,,,,,,,,,,,,,,,,,,,,,,,,,,,,0.644579785,0.642968312,0.644838346,0.641796558,0.648349826,0.652651237,0.665985633,0.663418302,0.69775923,0.697958523,0.705192363,0.728043485,0.734981317,0.753456512,0.724222896,0.748630659,0.766554416,0.774737602,0.809822664,0.843740275,0.854823158,0.857175412,0.857657605,0.859537826,0.860421767,0.874984382,0.891701799,0.905278277,0.904848404,0.912016191,
"Korea, Dem. People’s Rep.",PRK,"PPP conversion factor, GDP (LCU per international $)",PA.NUS.PPP,,,,,,,,,,,,,,,,,,,,,,,,,,,,,,,,,,,,,,,,,,,,,,,,,,,,,,,,,,,,,
Portugal,PRT,"PPP conversion factor, GDP (LCU per international $)",PA.NUS.PPP,,,,,,,,,,,,,,,,,,,,,,,,,,,,,,,0.47711,0.508051,0.553587,0.580664,0.609899,0.617855,0.629844,0.641364,0.656809,0.660642,0.660828,0.670763,0.672081,0.670488,0.676708,0.664259,0.641013,0.647602,0.636148,0.626868,0.622647,0.623083,0.605398,0.583607,0.578868,0.584947,0.571416,0.573856,0.5537,0.547768,
Paraguay,PRY,"PPP conversion factor, GDP (LCU per international $)",PA.NUS.PPP,,,,,,,,,,,,,,,,,,,,,,,,,,,,,,,313.8968706,379.8999642,423.7442319,464.5201411,511.9929897,557.0236739,609.4840044,619.5892961,712.3085171,777.1632672,871.6450156,971.7983481,1128.381841,1275.578935,1389.145037,1521.679123,1607.781715,1763.558952,1940.853147,1998.257872,2065.925292,2126.669922,2288.408203,2309.777344,2383.450928,2453.159668,2507.399658,2534.376709,2528.106774,2551.040215,
West Bank and Gaza,PSE,"PPP conversion factor, GDP (LCU per international $)",PA.NUS.PPP,,,,,,,,,,,,,,,,,,,,,,,,,,,,,,,,,,,0.571808537,0.603664421,0.608315549,0.575076771,0.5381257,0.514397153,0.555689971,0.556512494,0.555998059,0.534257998,0.494992541,0.480309462,0.491344065,0.501315593,0.575389055,0.581615535,0.650784095,0.672017651,0.61193669,0.647117803,0.608354215,0.549535452,0.559459893,0.565527495,0.550411606,0.560550602,
Pacific island small states,PSS,"PPP conversion factor, GDP (LCU per international $)",PA.NUS.PPP,,,,,,,,,,,,,,,,,,,,,,,,,,,,,,,,,,,,,,,,,,,,,,,,,,,,,,,,,,,,,
Post-demographic dividend,PST,"PPP conversion factor, GDP (LCU per international $)",PA.NUS.PPP,,,,,,,,,,,,,,,,,,,,,,,,,,,,,,,,,,,,,,,,,,,,,,,,,,,,,,,,,,,,,
French Polynesia,PYF,"PPP conversion factor, GDP (LCU per international $)",PA.NUS.PPP,,,,,,,,,,,,,,,,,,,,,,,,,,,,,,,,,,,,,,,,,,,,,,,,,,,,,,,,,,,,,
Qatar,QAT,"PPP conversion factor, GDP (LCU per international $)",PA.NUS.PPP,,,,,,,,,,,,,,,,,,,,,,,,,,,,,,,,,,,,,,,,,1.126933916,1.048138675,1.062865212,1.222720823,1.346723556,1.704941348,1.793234994,1.937893159,2.336219706,1.75703689,1.858015752,2.152514458,2.186445713,2.239636898,2.364978075,2.468180418,2.503818512,2.345949888,2.574471402,2.40352989,
Romania,ROU,"PPP conversion factor, GDP (LCU per international $)",PA.NUS.PPP,,,,,,,,,,,,,,,,,,,,,,,,,,,,,,,0.000701943,0.002003023,0.005872417,0.018776075,0.043940846,0.061946669,0.087842234,0.203271759,0.29657683,0.438331704,0.615916073,0.813336974,0.978353701,1.177888448,1.269803761,1.401275815,1.401305265,1.489727516,1.566242251,1.566072897,1.536467314,1.550036153,1.563589622,1.606224345,1.628364871,1.662871027,1.596928076,1.608437322,1.619778111,1.64222499,
Russian Federation,RUS,"PPP conversion factor, GDP (LCU per international $)",PA.NUS.PPP,,,,,,,,,,,,,,,,,,,,,,,,,,,,,,,0.000542313,0.00119933,0.018649362,0.179962183,0.717657762,1.71517,2.455975,2.778421,3.258399,5.539641,7.301404,8.322817,9.273504,9.866787,11.556843,12.736131,12.618288,13.984503,14.341196,14.016913,15.821142,18.443729,19.56826,19.505592,20.998875,23.562632,24.192337,24.0504,24.297159,24.823776,
Rwanda,RWA,"PPP conversion factor, GDP (LCU per international $)",PA.NUS.PPP,,,,,,,,,,,,,,,,,,,,,,,,,,,,,,,59.74934708,66.45192214,69.7033288,77.53452072,88.96399676,131.808986,143.575482,163.1900941,164.9695312,156.903657,158.4934972,156.8698032,146.3424371,172.9376804,187.078707,197.7847085,196.7021412,216.328124,242.8891521,258.2696262,263.4536608,276.649231,299.2391357,302.8948059,297.0718079,299.6150208,311.4761047,325.1262207,315.2658592,317.182455,
South Asia,SAS,"PPP conversion factor, GDP (LCU per international $)",PA.NUS.PPP,,,,,,,,,,,,,,,,,,,,,,,,,,,,,,,,,,,,,,,,,,,,,,,,,,,,,,,,,,,,,
Saudi Arabia,SAU,"PPP conversion factor, GDP (LCU per international $)",PA.NUS.PPP,,,,,,,,,,,,,,,,,,,,,,,,,,,,,,,0.84569245,0.799520749,0.779387634,0.748677938,0.741051334,0.768062374,0.813407219,0.827283269,0.704087096,0.794624731,0.862342677,0.82993859,0.865683921,0.869588903,0.940416843,1.095774453,1.18667036,1.253108749,1.446642044,1.210102629,1.401800791,1.586354256,1.650196671,1.666466355,1.646280527,1.591296554,1.638920188,1.649027228,1.795076844,1.769446128,
Sudan,SDN,"PPP conversion factor, GDP (LCU per international $)",PA.NUS.PPP,,,,,,,,,,,,,,,,,,,,,,,,,,,,,,,0.005195014,0.009485983,0.019405633,0.03743669,0.095031688,0.190399736,0.247859792,0.359599131,0.418403289,0.477712431,0.513307237,0.5103622,0.539538502,0.580923893,0.654360037,0.689325603,0.731815947,0.760202762,0.85195681,0.878988871,1.038993043,1.231475711,1.639186382,2.207169056,2.620960236,2.968422651,3.373430014,4.618968964,7.153288292,10.50084686,
Senegal,SEN,"PPP conversion factor, GDP (LCU per international $)",PA.NUS.PPP,,,,,,,,,,,,,,,,,,,,,,,,,,,,,,,177.3126215,170.2703895,164.929513,160.9034428,210.9311804,221.8211489,227.2355569,227.96445,231.6399502,229.1507635,228.4786667,229.4186374,233.2988106,230.2191825,225.3723495,223.9913843,226.0911314,231.8854509,242.3286539,238.1101852,237.8981379,241.276062,245.5998077,247.2119141,243.6183319,242.5952148,244.6577148,246.7866669,239.7435606,239.1227599,
Singapore,SGP,"PPP conversion factor, GDP (LCU per international $)",PA.NUS.PPP,,,,,,,,,,,,,,,,,,,,,,,,,,,,,,,0.970573713,0.98046411,0.971921911,0.98221377,0.994961171,1.005241439,1.002035149,0.995702677,0.971579793,0.923435777,0.938133473,0.901324603,0.879405593,0.847940655,0.859346057,0.849282868,0.839551525,0.865959231,0.837661973,0.855940656,0.855410661,0.846737742,0.845871925,0.858816922,0.863950789,0.87959981,0.878305554,0.885979891,0.891630592,0.875475198,
Solomon Islands,SLB,"PPP conversion factor, GDP (LCU per international $)",PA.NUS.PPP,,,,,,,,,,,,,,,,,,,,,,,,,,,,,,,1.516643281,1.573436123,1.741588328,1.932450189,2.023495931,2.188616206,2.444527691,2.644470018,2.899114422,3.116228218,3.239704801,3.532784945,3.84297328,3.89505166,3.999899871,4.434973801,4.68579278,5.058226148,5.352392798,5.668071849,5.942322593,6.374862124,6.704744089,6.699083981,6.834401283,7.004706126,6.935291302,6.901722381,7.020845625,6.977049646,
Sierra Leone,SLE,"PPP conversion factor, GDP (LCU per international $)",PA.NUS.PPP,,,,,,,,,,,,,,,,,,,,,,,,,,,,,,,29.33486277,64.91176421,115.5220743,143.0198863,175.12403,229.1571439,291.6035872,293.1182399,358.7694332,414.4715579,418.7107902,712.2520143,673.7023089,748.3525549,822.126971,929.881101,1013.844592,1054.424067,1137.670997,1216.924621,1409.532604,1620.575073,1750.4375,1778.180054,1808.754761,1881.810669,1975.343994,2244.994629,2485.852788,2649.030525,
El Salvador,SLV,"PPP conversion factor, GDP (LCU per international $)",PA.NUS.PPP,,,,,,,,,,,,,,,,,,,,,,,,,,,,,,,0.313500734,0.325746874,0.329392934,0.349416832,0.375660674,0.408154943,0.427170104,0.434151233,0.4474715,0.445494483,0.450022162,0.454965487,0.454611355,0.45957349,0.459681141,0.464820182,0.47068787,0.478461023,0.483797028,0.479862942,0.486892677,0.505120277,0.524124146,0.510317266,0.496190518,0.487724572,0.473463237,0.462530196,0.46090099,0.456906579,
San Marino,SMR,"PPP conversion factor, GDP (LCU per international $)",PA.NUS.PPP,,,,,,,,,,,,,,,,,,,,,,,,,,,,,,,,,,,,,,0.74867822,0.753875406,0.754699054,0.757151781,0.760930767,0.766960922,0.771439125,0.766320878,0.755566687,0.748129312,0.714188223,0.720401068,0.722095696,0.723987959,0.7102569,0.714521128,0.726226981,0.690037463,0.691402237,0.689131267,0.682678095,0.681416995,,
Somalia,SOM,"PPP conversion factor, GDP (LCU per international $)",PA.NUS.PPP,,,,,,,,,,,,,,,,,,,,,,,,,,,,,,,,,,,,,,,,,,,,,,,,,,,,8001.031314,8005.592998,8325.863347,8129.271431,7941.63533,7916.910752,8229.531086,,,
Serbia,SRB,"PPP conversion factor, GDP (LCU per international $)",PA.NUS.PPP,,,,,,,,,,,,,,,,,,,,,,,,,,,,,,,,,,,,1.618682251,2.941236199,3.494482215,4.299234634,5.420286477,9.595808632,17.8231225,20.3576844,22.65912247,24.11390025,27.03278796,28.86306658,30.46204438,31.32468983,33.2381944,34.80677315,36.32374975,37.98231488,39.32281033,39.80188727,40.73741796,40.45516408,40.69101712,39.70923049,40.01473935,
Sub-Saharan Africa (excluding high income),SSA,"PPP conversion factor, GDP (LCU per international $)",PA.NUS.PPP,,,,,,,,,,,,,,,,,,,,,,,,,,,,,,,,,,,,,,,,,,,,,,,,,,,,,,,,,,,,,
South Sudan,SSD,"PPP conversion factor, GDP (LCU per international $)",PA.NUS.PPP,,,,,,,,,,,,,,,,,,,,,,,,,,,,,,,,,,,,,,,,,,,,,,,,,1.199574386,1.049670615,1.171701999,1.593427879,2.290919104,2.500640914,2.609357821,3.26829523,,,,,
Sub-Saharan Africa,SSF,"PPP conversion factor, GDP (LCU per international $)",PA.NUS.PPP,,,,,,,,,,,,,,,,,,,,,,,,,,,,,,,,,,,,,,,,,,,,,,,,,,,,,,,,,,,,,
Small states,SST,"PPP conversion factor, GDP (LCU per international $)",PA.NUS.PPP,,,,,,,,,,,,,,,,,,,,,,,,,,,,,,,,,,,,,,,,,,,,,,,,,,,,,,,,,,,,,
Sao Tome and Principe,STP,"PPP conversion factor, GDP (LCU per international $)",PA.NUS.PPP,,,,,,,,,,,,,,,,,,,,,,,,,,,,,,,,,,,,,,,,,,2.518810879,2.791668079,3.1703844,3.535349294,4.064882236,4.460994423,4.779345166,5.930394544,6.331073074,7.039062161,7.431393623,8.65155983,8.766795158,8.624117851,9.186058998,9.738679886,10.05518436,9.98448874,10.35440467,
Suriname,SUR,"PPP conversion factor, GDP (LCU per international $)",PA.NUS.PPP,,,,,,,,,,,,,,,,,,,,,,,,,,,,,,,0.002051944,0.002646429,0.00349046,0.008351788,0.044014765,0.146461112,0.145644286,0.145313992,0.168883075,0.287393765,0.451863554,0.616953829,0.791260265,0.94243897,1.035549417,1.160328286,1.27208285,1.31840081,1.493971969,1.578799525,1.672924922,1.86556232,1.923533678,1.845194101,1.810857177,1.820140839,2.428507805,2.578214407,2.634330629,2.748700909,
Slovak Republic,SVK,"PPP conversion factor, GDP (LCU per international $)",PA.NUS.PPP,,,,,,,,,,,,,,,,,,,,,,,,,,,,,,,,,0.315357,0.355396,0.394761,0.424898,0.436939,0.450574,0.466079,0.494406,0.516226,0.515601,0.521518,0.544909,0.564956,0.564715,0.555338,0.554435,0.53743,0.515184,0.501703,0.506407,0.504542,0.491124,0.485412,0.491548,0.503194,0.51479,0.504794,0.513491,
Slovenia,SVN,"PPP conversion factor, GDP (LCU per international $)",PA.NUS.PPP,,,,,,,,,,,,,,,,,,,,,,,,,,,,,,,0.034808,0.065631,0.197753,0.264805,0.317835,0.390393,0.427963,0.456043,0.482519,0.508506,0.526349,0.560022,0.583286,0.608518,0.608333,0.610135,0.6105,0.631131,0.633789,0.645,0.637413,0.62397,0.606793,0.590407,0.591238,0.595298,0.577106,0.568335,0.550876,0.546228,
Sweden,SWE,"PPP conversion factor, GDP (LCU per international $)",PA.NUS.PPP,,,,,,,,,,,,,,,,,,,,,,,,,,,,,,,8.886935,9.305145,9.190188,9.176092,9.21676,9.371542,9.268636,9.333029,9.396272,9.3059,9.160268,9.400158,9.413655,9.495769,9.302011,9.479182,9.123665,8.88369,8.778986,8.914179,9.017736,8.844042,8.654768,8.597681,8.727131,8.854383,8.822586,8.82407,8.589563,8.620421,
Eswatini,SWZ,"PPP conversion factor, GDP (LCU per international $)",PA.NUS.PPP,,,,,,,,,,,,,,,,,,,,,,,,,,,,,,,0.996669209,1.048690205,1.140039825,1.307316028,1.420403187,1.622862826,1.716114488,1.878413753,1.995060698,2.072277027,2.540657244,2.708450788,2.903973266,3.022245274,3.056945569,3.158983593,3.190104064,3.262427446,3.533816851,3.849719988,3.927042413,4.052137852,4.49662447,4.69001627,4.98230505,5.322908401,5.787860394,6.205593109,6.228406209,6.250788235,
Sint Maarten (Dutch part),SXM,"PPP conversion factor, GDP (LCU per international $)",PA.NUS.PPP,,,,,,,,,,,,,,,,,,,,,,,,,,,,,,,,,,,,,,,,,,,,,,,,,,1.370520622,1.370026242,1.345952392,1.54946506,1.540036201,1.522140026,1.5118891,1.480350852,1.386570692,1.441773519,,
Seychelles,SYC,"PPP conversion factor, GDP (LCU per international $)",PA.NUS.PPP,,,,,,,,,,,,,,,,,,,,,,,,,,,,,,,3.156370118,2.990741031,3.060938589,3.112749059,3.076961584,2.990298601,2.89153077,2.873320624,2.965389535,2.983303627,3.034318884,3.151997861,3.215030587,3.344119559,4.059949192,3.955362685,3.894555429,4.240203004,5.613603428,7.102868897,6.725278309,6.883865356,7.624689579,7.959093094,7.84367466,8.157078743,7.815332413,7.968673229,7.950861957,8.023819207,
Syrian Arab Republic,SYR,"PPP conversion factor, GDP (LCU per international $)",PA.NUS.PPP,,,,,,,,,,,,,,,,,,,,,,,,,,,,,,,,,,,,,,,,,,,,,,,,,,,,,,,,,,,,,
Turks and Caicos Islands,TCA,"PPP conversion factor, GDP (LCU per international $)",PA.NUS.PPP,,,,,,,,,,,,,,,,,,,,,,,,,,,,,,,,,,,,,,,,,,,,,,,,,,,,1.028408051,1.101731181,1.079315066,1.07937181,1.086520076,1.071653962,1.017905712,1.024482644,1.02636569,
Chad,TCD,"PPP conversion factor, GDP (LCU per international $)",PA.NUS.PPP,,,,,,,,,,,,,,,,,,,,,,,,,,,,,,,118.3853549,118.0323614,100.5079667,96.89106435,136.174404,145.1591205,158.8829177,162.0979158,171.1126589,155.9035846,160.5612738,178.7932641,179.3671535,176.2359918,188.3212478,224.6400433,239.8118686,241.2496601,257.1137082,230.7775078,242.6988982,258.1313171,285.3535156,308.4197083,300.3861084,252.0751953,246.8844147,243.6545715,249.7881699,252.0279603,
East Asia & Pacific (IDA & IBRD countries),TEA,"PPP conversion factor, GDP (LCU per international $)",PA.NUS.PPP,,,,,,,,,,,,,,,,,,,,,,,,,,,,,,,,,,,,,,,,,,,,,,,,,,,,,,,,,,,,,
Europe & Central Asia (IDA & IBRD countries),TEC,"PPP conversion factor, GDP (LCU per international $)",PA.NUS.PPP,,,,,,,,,,,,,,,,,,,,,,,,,,,,,,,,,,,,,,,,,,,,,,,,,,,,,,,,,,,,,
Togo,TGO,"PPP conversion factor, GDP (LCU per international $)",PA.NUS.PPP,,,,,,,,,,,,,,,,,,,,,,,,,,,,,,,140.9382723,139.9694399,141.2921382,126.7086584,168.5254033,183.3603562,189.7650237,190.3463892,206.2160898,205.547953,221.2582344,220.0471425,227.5120928,216.9018507,207.185725,212.7337514,205.4345698,210.0008114,230.252169,232.1312279,230.9139485,228.6249695,237.8992462,240.6512604,238.2344513,241.5521545,243.5530853,239.7217255,237.4374555,238.7113933,
Thailand,THA,"PPP conversion factor, GDP (LCU per international $)",PA.NUS.PPP,,,,,,,,,,,,,,,,,,,,,,,,,,,,,,,8.954083925,9.158900838,9.356940967,9.733650247,9.975466712,10.33144901,10.5614627,10.8414537,11.58528242,11.12609617,11.02766934,10.99789778,11.00966581,11.04127695,11.13557545,11.34903368,11.57794039,11.55393115,11.915316,11.84819898,12.18968236,12.38719749,12.24970341,12.30076027,12.4879427,12.64086056,12.73108006,12.84471607,12.7228943,12.57363246,
Tajikistan,TJK,"PPP conversion factor, GDP (LCU per international $)",PA.NUS.PPP,,,,,,,,,,,,,,,,,,,,,,,,,,,,,,,5.22E-06,1.01E-05,6.65E-05,0.000848822,0.003016897,0.011658137,0.060724359,0.098646678,0.183271024,0.228540269,0.274134996,0.351268674,0.410736837,0.512804093,0.586032723,0.622727413,0.73141367,0.906625893,1.139681656,1.26830117,1.409649761,1.564780235,1.669687748,1.649360299,1.650559902,1.914028645,2.030313253,2.230570078,2.282943875,2.351437361,
Turkmenistan,TKM,"PPP conversion factor, GDP (LCU per international $)",PA.NUS.PPP,,,,,,,,,,,,,,,,,,,,,,,,,,,,,,,2.52E-07,4.94E-07,1.54E-05,0.000186217,0.001918601,0.015141039,0.189471216,0.301367752,0.35051401,0.425014451,0.456445526,0.512058106,0.546200428,0.601318075,0.620854993,0.64440823,0.702100964,0.747111621,1.17066795,1.275215433,1.289596,1.425625277,1.577836105,1.634109506,1.682040102,1.64451342,1.612786364,1.623004652,1.603425066,,
Latin America & the Caribbean (IDA & IBRD countries),TLA,"PPP conversion factor, GDP (LCU per international $)",PA.NUS.PPP,,,,,,,,,,,,,,,,,,,,,,,,,,,,,,,,,,,,,,,,,,,,,,,,,,,,,,,,,,,,,
Timor-Leste,TLS,"PPP conversion factor, GDP (LCU per international $)",PA.NUS.PPP,,,,,,,,,,,,,,,,,,,,,,,,,,,,,,,,,,,,,,,,,0.32730683,0.358046143,0.371457996,0.389450247,0.339473197,0.335183428,0.333055647,0.351952962,0.370468825,0.374679766,0.410481503,0.454532027,0.436645794,0.487293696,0.452933233,0.4575738,0.432427953,0.40896954,0.393545298,0.420643992,
Middle East & North Africa (IDA & IBRD countries),TMN,"PPP conversion factor, GDP (LCU per international $)",PA.NUS.PPP,,,,,,,,,,,,,,,,,,,,,,,,,,,,,,,,,,,,,,,,,,,,,,,,,,,,,,,,,,,,,
Tonga,TON,"PPP conversion factor, GDP (LCU per international $)",PA.NUS.PPP,,,,,,,,,,,,,,,,,,,,,,,,,,,,,,,0.703357152,0.744719368,0.782353186,0.764748764,0.952215192,0.891087879,0.885937627,0.854217227,0.867182861,0.909561224,0.93921119,0.93521276,0.986839922,1.055491152,1.119205372,1.16630641,1.311627715,1.297229064,1.330302929,1.385911881,1.475990905,1.452684751,1.485128827,1.424903507,1.399188733,1.457929254,1.487073164,1.541517671,1.582354449,1.671150758,
South Asia (IDA & IBRD),TSA,"PPP conversion factor, GDP (LCU per international $)",PA.NUS.PPP,,,,,,,,,,,,,,,,,,,,,,,,,,,,,,,,,,,,,,,,,,,,,,,,,,,,,,,,,,,,,
Sub-Saharan Africa (IDA & IBRD countries),TSS,"PPP conversion factor, GDP (LCU per international $)",PA.NUS.PPP,,,,,,,,,,,,,,,,,,,,,,,,,,,,,,,,,,,,,,,,,,,,,,,,,,,,,,,,,,,,,
Trinidad and Tobago,TTO,"PPP conversion factor, GDP (LCU per international $)",PA.NUS.PPP,,,,,,,,,,,,,,,,,,,,,,,,,,,,,,,2.498459032,2.45473157,2.234077799,2.374677174,2.633509254,2.686966679,2.687455155,2.548281035,2.473136948,2.542846815,2.786787821,2.803163906,2.616226144,2.83767076,3.008773248,3.306586479,3.264960019,3.584999741,4.353284442,3.126558618,3.484075626,3.949606895,4.097177982,4.317299843,4.374568939,4.239877701,4.10672617,4.162451744,4.309574312,4.299056021,
Tunisia,TUN,"PPP conversion factor, GDP (LCU per international $)",PA.NUS.PPP,,,,,,,,,,,,,,,,,,,,,,,,,,,,,,,0.398637244,0.412731004,0.42650218,0.436176615,0.446386185,0.460614428,0.472038367,0.482375649,0.492612958,0.501924933,0.507069428,0.515608394,0.519178369,0.523395298,0.526755925,0.53217411,0.536362917,0.533338538,0.556364116,0.568902237,0.58380542,0.596331477,0.634823263,0.670525074,0.699728847,0.742019951,0.766765475,0.794180155,0.825515851,0.866729668,
Turkey,TUR,"PPP conversion factor, GDP (LCU per international $)",PA.NUS.PPP,,,,,,,,,,,,,,,,,,,,,,,,,,,,,,,0.001188,0.001825,0.002921,0.004787,0.009676,0.017742,0.031042,0.055385,0.128877,0.196465,0.281508,0.414892,0.591251,0.737306,0.79283,0.834589,0.842933,0.852344,0.87996,0.903963,0.919607,0.966176,1.019856,1.070294,1.104504,1.162452,1.241052,1.379575,1.583491,1.840625,
Tuvalu,TUV,"PPP conversion factor, GDP (LCU per international $)",PA.NUS.PPP,,,,,,,,,,,,,,,,,,,,,,,,,,,,,,,0.822119682,0.816272657,0.856702893,0.858184204,0.801055178,0.824993948,0.912992313,0.885803156,0.89994767,0.941444401,1.038969933,1.07679247,1.095177124,1.099436039,1.130563435,1.112829025,1.124700808,1.093838665,1.110773682,1.109965383,1.126182219,1.109926272,1.097848001,1.101692393,1.136475752,1.17684572,1.176437748,1.195821331,1.224866614,1.305994298,
Tanzania,TZA,"PPP conversion factor, GDP (LCU per international $)",PA.NUS.PPP,,,,,,,,,,,,,,,,,,,,,,,,,,,,,,,51.29900559,63.57068677,77.92618796,94.74373673,121.6770503,151.1916466,177.1486348,209.9974582,237.1938699,260.8005943,276.0187935,283.1021395,298.8518757,318.1037767,331.0934655,341.7256453,349.9644146,371.8208937,424.4714335,459.3488617,496.8697847,546.0731201,649.7049561,706.3092651,759.0314941,803.8115234,848.6795654,885.0828857,905.3139678,929.1896627,
Uganda,UGA,"PPP conversion factor, GDP (LCU per international $)",PA.NUS.PPP,,,,,,,,,,,,,,,,,,,,,,,,,,,,,,,190.0547667,231.6712023,328.5925246,417.7230026,436.9991649,468.1576433,480.7611784,487.2401033,524.1481956,516.1037005,560.9408386,573.7908905,546.9527683,578.9012071,651.595392,620.9089529,617.1688712,645.0261298,672.986895,765.1846213,799.0122639,856.1682129,1003.277283,1042.081177,1073.747437,1125.471313,1211.940186,1270.608398,1296.653549,1299.459781,
Ukraine,UKR,"PPP conversion factor, GDP (LCU per international $)",PA.NUS.PPP,,,,,,,,,,,,,,,,,,,,,,,,,,,,,,,4.41E-06,8.34E-06,0.000151815,0.005093844,0.052539742,0.265439361,0.433086047,0.502692747,0.556809293,0.699278413,0.842098318,0.905077579,0.936180334,0.99361694,1.114117631,1.341855794,1.494273969,1.791362403,2.259360401,2.534179576,2.853740677,3.192311049,3.297394037,3.012550592,3.434976101,4.566225529,5.014206409,5.916288712,6.664920938,7.069492951,
Upper middle income,UMC,"PPP conversion factor, GDP (LCU per international $)",PA.NUS.PPP,,,,,,,,,,,,,,,,,,,,,,,,,,,,,,,,,,,,,,,,,,,,,,,,,,,,,,,,,,,,,
Uruguay,URY,"PPP conversion factor, GDP (LCU per international $)",PA.NUS.PPP,,,,,,,,,,,,,,,,,,,,,,,,,,,,,,,0.584929603,1.136164123,1.773177248,2.560999508,3.484289969,4.813599642,5.976486368,7.007949455,7.788150074,8.009432469,8.111578727,8.320587792,9.224427581,10.55429542,11.31615791,11.04870575,11.42481635,12.17372519,12.89957474,13.79381756,14.30400616,15.27369785,16.9381218,18.17288017,19.4726181,21.10457802,22.45382118,23.29380608,24.00307173,25.35129887,
United States,USA,"PPP conversion factor, GDP (LCU per international $)",PA.NUS.PPP,,,,,,,,,,,,,,,,,,,,,,,,,,,,,,,1,1,1,1,1,1,1,1,1,1,1,1,1,1,1,1,1,1,1,1,1,1,1,1,1,1,1,1,1,1,
Uzbekistan,UZB,"PPP conversion factor, GDP (LCU per international $)",PA.NUS.PPP,,,,,,,,,,,,,,,,,,,,,,,,,,,,,,,0.000634131,0.001169898,0.009289614,0.106979035,1.402076657,6.467385084,11.53074595,18.82643646,25.87710964,36.76211782,52.96389052,75.27341114,107.8048948,134.167455,151.4473155,178.3483396,213.7312733,253.716686,315.5534768,367.2234181,505.8993034,601.9983993,706.9046133,804.3101035,935.2372458,1058.677683,1179.956705,1432.907178,1783.094942,2085.548458,
St. Vincent and the Grenadines,VCT,"PPP conversion factor, GDP (LCU per international $)",PA.NUS.PPP,,,,,,,,,,,,,,,,,,,,,,,,,,,,,,,1.613686191,1.636246494,1.640354315,1.583243778,1.586892833,1.574672861,1.601501176,1.59573015,1.628657102,1.634640572,1.595425581,1.665787085,1.65655668,1.575362683,1.59563991,1.593045338,1.592815462,1.681596158,1.649837759,1.623144876,1.67562482,1.635919213,1.649954796,1.643246412,1.595824122,1.605104566,1.533495069,1.590442538,1.556431452,1.544390871,
"Venezuela, RB",VEN,"PPP conversion factor, GDP (LCU per international $)",PA.NUS.PPP,,,,,,,,,,,,,,,,,,,,,,,,,,,,,,,0.012092057,0.014205366,0.017811628,0.022905567,0.036530961,0.054300756,0.114927198,0.151332498,0.177917147,0.221323001,0.280244092,0.296158918,0.387824644,0.513765249,0.67016541,0.842323679,0.963964432,1.0837692,1.383425985,1.480484817,2.135780738,2.68098259,,,,,,,,,
British Virgin Islands,VGB,"PPP conversion factor, GDP (LCU per international $)",PA.NUS.PPP,,,,,,,,,,,,,,,,,,,,,,,,,,,,,,,,,,,,,,,,,,,,,,,,,,,,1.027546763,1.097350717,1.093549013,1.089413881,1.105230451,1.097537518,1.068778515,,,
Virgin Islands (U.S.),VIR,"PPP conversion factor, GDP (LCU per international $)",PA.NUS.PPP,,,,,,,,,,,,,,,,,,,,,,,,,,,,,,,,,,,,,,,,,,,,,,,,,,,,,,,,,,,,,
Vietnam,VNM,"PPP conversion factor, GDP (LCU per international $)",PA.NUS.PPP,,,,,,,,,,,,,,,,,,,,,,,,,,,,,,,672.4459941,1122.326898,1455.366541,1669.268603,1911.43198,2191.198,2338.93477,2450.979298,2637.903378,2749.482177,2781.037895,2792.708106,2878.405894,3026.837849,3196.055928,3682.541605,3880.659968,4143.081552,4985.481354,5255.296335,5821.995521,6915.335449,7167.056641,7369.894531,7473.419434,7413.455566,7315.612793,7395.338379,7464.797144,7453.568189,
Vanuatu,VUT,"PPP conversion factor, GDP (LCU per international $)",PA.NUS.PPP,,,,,,,,,,,,,,,,,,,,,,,,,,,,,,,76.4516426,81.54396385,81.94839742,81.70294243,81.84287034,81.55036523,81.75390985,82.92136171,88.68714815,90.11640151,90.06659569,91.32820863,92.49038731,91.52936025,91.01656629,88.63741455,89.3657019,91.79052571,96.63258254,98.11801691,99.52637758,100.5110433,99.02766955,99.90569282,100.063422,103.4815529,104.3121909,106.6345715,107.4379998,108.1048563,
World,WLD,"PPP conversion factor, GDP (LCU per international $)",PA.NUS.PPP,,,,,,,,,,,,,,,,,,,,,,,,,,,,,,,,,,,,,,,,,,,,,,,,,,,,,,,,,,,,,
Samoa,WSM,"PPP conversion factor, GDP (LCU per international $)",PA.NUS.PPP,,,,,,,,,,,,,,,,,,,,,,,,,,,,,,,0.74409182,0.763738266,0.810685116,0.797107218,1.312921285,1.19625549,1.228666917,1.350803839,1.381367859,1.395502653,1.404463813,1.407670729,1.419479883,1.430078696,1.490279576,1.457633184,1.545876526,1.503363652,1.601531204,1.628161718,1.688260417,1.660568119,1.688696529,1.675502336,1.642476903,1.694544207,1.697068582,1.664766141,1.658306688,1.662673682,
Kosovo,XKX,"PPP conversion factor, GDP (LCU per international $)",PA.NUS.PPP,,,,,,,,,,,,,,,,,,,,,,,,,,,,,,,,,,,,,,,,,0.330570086,0.360354074,0.32156899,0.288491954,0.317391335,0.298894675,0.288999572,0.291011396,0.306512434,0.307762908,0.318523338,0.3269386,0.330215635,0.332720965,0.339622104,0.33912803,0.339377717,0.340077293,0.335353967,0.332389839,
"Yemen, Rep.",YEM,"PPP conversion factor, GDP (LCU per international $)",PA.NUS.PPP,,,,,,,,,,,,,,,,,,,,,,,,,,,,,,,6.107838733,6.616784554,7.321480727,8.32323881,9.842986066,14.0508738,18.87184318,21.0160987,19.04944913,25.06203891,30.28758764,30.42442926,32.53923286,35.42175605,39.35857757,45.22598727,49.88171362,53.86926272,63.60931934,57.63259426,70.42267541,81.47676086,88.79299164,93.63131714,,,,,,,
South Africa,ZAF,"PPP conversion factor, GDP (LCU per international $)",PA.NUS.PPP,,,,,,,,,,,,,,,,,,,,,,,,,,,,,,,1.26526188,1.415432973,1.585497899,1.749861196,1.877083485,2.026310648,2.147188581,2.279385196,2.429535771,2.563278609,2.727773646,2.873204689,3.173687265,3.296340895,3.41943547,3.496839501,3.606437348,3.822891843,4.081127572,4.354202378,4.577401248,4.776628494,5.107816696,5.29573822,5.571891308,5.825255871,6.15909338,6.426701069,6.519588074,6.652565912,
Zambia,ZMB,"PPP conversion factor, GDP (LCU per international $)",PA.NUS.PPP,,,,,,,,,,,,,,,,,,,,,,,,,,,,,,,0.009556399,0.017808597,0.046234237,0.110046271,0.194741579,0.249130325,0.304221328,0.375034219,0.433560961,0.503995177,0.65375303,0.801770659,0.942335872,1.088053577,1.268434237,1.434933705,1.595327515,1.755098027,1.904794002,1.995482004,2.247678876,2.446346045,2.651491404,2.832861185,3.064822197,3.366481781,3.878826618,4.192580223,4.396236976,4.641657434,
Zimbabwe,ZWE,"PPP conversion factor, GDP (LCU per international $)",PA.NUS.PPP,,,,,,,,,,,,,,,,,,,,,,,,,,,,,,,0.743998098,0.670887344,0.56325714,0.52936132,0.498102756,0.502697089,0.53801019,0.513663058,0.370553484,0.394526818,0.388323186,0.379491056,0.383716967,0.409877146,0.429511679,0.437932632,0.416492639,0.409226803,0.406834712,0.503384764,0.517979748,0.520335376,0.549245834,0.558424473,0.549251854,0.539304197,0.521861792,0.511243165,0.525138825,0.494348267,
